[2026-04-21T03:11:23.816+0000] {manager.py:483} INFO - Processing files using up to 2 processes at a time 
[2026-04-21T03:11:23.816+0000] {manager.py:484} INFO - Process each file at most once every 30 seconds
[2026-04-21T03:11:23.817+0000] {manager.py:485} INFO - Checking for new files in /opt/airflow/dags every 300 seconds
[2026-04-21T03:11:23.817+0000] {manager.py:821} INFO - Searching for files in /opt/airflow/dags
[2026-04-21T03:11:23.826+0000] {manager.py:824} INFO - There are 1 files in /opt/airflow/dags
[2026-04-21T03:11:23.910+0000] {manager.py:997} INFO - 
================================================================================
DAG File Processing Stats

File Path                              PID  Runtime      # DAGs    # Errors  Last Runtime    Last Run      Last # of DB Queries
-----------------------------------  -----  ---------  --------  ----------  --------------  ----------  ----------------------
/opt/airflow/dags/databricks_dag.py    172  0.03s             0           0                                                   0
================================================================================
[2026-04-21T03:11:54.374+0000] {manager.py:997} INFO - 
================================================================================
DAG File Processing Stats

File Path                              PID  Runtime      # DAGs    # Errors  Last Runtime    Last Run               Last # of DB Queries
-----------------------------------  -----  ---------  --------  ----------  --------------  -------------------  ----------------------
/opt/airflow/dags/databricks_dag.py    177  0.01s             1           0  0.22s           2026-04-21T03:11:24                      24
================================================================================
[2026-04-21T03:12:25.027+0000] {manager.py:997} INFO - 
================================================================================
DAG File Processing Stats

File Path                              PID  Runtime      # DAGs    # Errors  Last Runtime    Last Run               Last # of DB Queries
-----------------------------------  -----  ---------  --------  ----------  --------------  -------------------  ----------------------
/opt/airflow/dags/databricks_dag.py    182  0.01s             1           0  0.25s           2026-04-21T03:11:54                      10
================================================================================
[2026-04-21T03:12:55.641+0000] {manager.py:997} INFO - 
================================================================================
DAG File Processing Stats

File Path                              PID  Runtime      # DAGs    # Errors  Last Runtime    Last Run               Last # of DB Queries
-----------------------------------  -----  ---------  --------  ----------  --------------  -------------------  ----------------------
/opt/airflow/dags/databricks_dag.py    187  0.00s             1           0  0.16s           2026-04-21T03:12:25                      10
================================================================================
[2026-04-21T03:13:26.197+0000] {manager.py:997} INFO - 
================================================================================
DAG File Processing Stats

File Path                              PID  Runtime      # DAGs    # Errors  Last Runtime    Last Run               Last # of DB Queries
-----------------------------------  -----  ---------  --------  ----------  --------------  -------------------  ----------------------
/opt/airflow/dags/databricks_dag.py    192  0.00s             1           0  0.23s           2026-04-21T03:12:55                      10
================================================================================
[2026-04-21T03:13:56.789+0000] {manager.py:997} INFO - 
================================================================================
DAG File Processing Stats

File Path                              PID  Runtime      # DAGs    # Errors  Last Runtime    Last Run               Last # of DB Queries
-----------------------------------  -----  ---------  --------  ----------  --------------  -------------------  ----------------------
/opt/airflow/dags/databricks_dag.py    197  0.00s             1           0  0.27s           2026-04-21T03:13:26                      10
================================================================================
[2026-04-21T03:14:27.265+0000] {manager.py:997} INFO - 
================================================================================
DAG File Processing Stats

File Path                              PID  Runtime      # DAGs    # Errors  Last Runtime    Last Run               Last # of DB Queries
-----------------------------------  -----  ---------  --------  ----------  --------------  -------------------  ----------------------
/opt/airflow/dags/databricks_dag.py    202  0.00s             1           0  0.13s           2026-04-21T03:13:56                      10
================================================================================
[2026-04-21T03:14:57.800+0000] {manager.py:997} INFO - 
================================================================================
DAG File Processing Stats

File Path                              PID  Runtime      # DAGs    # Errors  Last Runtime    Last Run               Last # of DB Queries
-----------------------------------  -----  ---------  --------  ----------  --------------  -------------------  ----------------------
/opt/airflow/dags/databricks_dag.py    207  0.00s             1           0  0.25s           2026-04-21T03:14:27                      10
================================================================================
[2026-04-21T03:15:28.470+0000] {manager.py:997} INFO - 
================================================================================
DAG File Processing Stats

File Path                              PID  Runtime      # DAGs    # Errors  Last Runtime    Last Run               Last # of DB Queries
-----------------------------------  -----  ---------  --------  ----------  --------------  -------------------  ----------------------
/opt/airflow/dags/databricks_dag.py    212  0.00s             1           0  0.24s           2026-04-21T03:14:58                      10
================================================================================
[2026-04-21T03:15:58.976+0000] {manager.py:997} INFO - 
================================================================================
DAG File Processing Stats

File Path                              PID  Runtime      # DAGs    # Errors  Last Runtime    Last Run               Last # of DB Queries
-----------------------------------  -----  ---------  --------  ----------  --------------  -------------------  ----------------------
/opt/airflow/dags/databricks_dag.py    220  0.00s             1           0  0.14s           2026-04-21T03:15:28                      10
================================================================================
[2026-04-21T03:16:24.486+0000] {manager.py:821} INFO - Searching for files in /opt/airflow/dags
[2026-04-21T03:16:24.628+0000] {manager.py:824} INFO - There are 1 files in /opt/airflow/dags
[2026-04-21T03:16:29.789+0000] {manager.py:997} INFO - 
================================================================================
DAG File Processing Stats

File Path                              PID  Runtime      # DAGs    # Errors  Last Runtime    Last Run               Last # of DB Queries
-----------------------------------  -----  ---------  --------  ----------  --------------  -------------------  ----------------------
/opt/airflow/dags/databricks_dag.py    225  0.01s             1           0  0.22s           2026-04-21T03:15:59                      10
================================================================================
[2026-04-21T03:17:00.320+0000] {manager.py:997} INFO - 
================================================================================
DAG File Processing Stats

File Path                              PID  Runtime      # DAGs    # Errors  Last Runtime    Last Run               Last # of DB Queries
-----------------------------------  -----  ---------  --------  ----------  --------------  -------------------  ----------------------
/opt/airflow/dags/databricks_dag.py    230  0.01s             1           0  0.27s           2026-04-21T03:16:30                      10
================================================================================
[2026-04-21T03:17:30.832+0000] {manager.py:997} INFO - 
================================================================================
DAG File Processing Stats

File Path                              PID  Runtime      # DAGs    # Errors  Last Runtime    Last Run               Last # of DB Queries
-----------------------------------  -----  ---------  --------  ----------  --------------  -------------------  ----------------------
/opt/airflow/dags/databricks_dag.py    235  0.00s             1           0  0.27s           2026-04-21T03:17:00                      10
================================================================================
[2026-04-23T15:09:32.553+0000] {manager.py:483} INFO - Processing files using up to 2 processes at a time 
[2026-04-23T15:09:32.554+0000] {manager.py:484} INFO - Process each file at most once every 30 seconds
[2026-04-23T15:09:32.554+0000] {manager.py:485} INFO - Checking for new files in /opt/airflow/dags every 300 seconds
[2026-04-23T15:09:32.555+0000] {manager.py:821} INFO - Searching for files in /opt/airflow/dags
[2026-04-23T15:09:32.586+0000] {manager.py:824} INFO - There are 1 files in /opt/airflow/dags
[2026-04-23T15:09:32.653+0000] {manager.py:997} INFO - 
================================================================================
DAG File Processing Stats

File Path                              PID  Runtime      # DAGs    # Errors  Last Runtime    Last Run      Last # of DB Queries
-----------------------------------  -----  ---------  --------  ----------  --------------  ----------  ----------------------
/opt/airflow/dags/databricks_dag.py    173  0.02s             0           0                                                   0
================================================================================
[2026-04-23T15:10:02.968+0000] {manager.py:997} INFO - 
================================================================================
DAG File Processing Stats

File Path                              PID  Runtime      # DAGs    # Errors  Last Runtime    Last Run               Last # of DB Queries
-----------------------------------  -----  ---------  --------  ----------  --------------  -------------------  ----------------------
/opt/airflow/dags/databricks_dag.py    178  0.00s             1           0  0.22s           2026-04-23T15:09:32                      24
================================================================================
[2026-04-23T15:10:33.400+0000] {manager.py:997} INFO - 
================================================================================
DAG File Processing Stats

File Path                              PID  Runtime      # DAGs    # Errors  Last Runtime    Last Run               Last # of DB Queries
-----------------------------------  -----  ---------  --------  ----------  --------------  -------------------  ----------------------
/opt/airflow/dags/databricks_dag.py    186  0.00s             1           0  0.13s           2026-04-23T15:10:03                      10
================================================================================
[2026-04-23T15:11:03.858+0000] {manager.py:997} INFO - 
================================================================================
DAG File Processing Stats

File Path                              PID  Runtime      # DAGs    # Errors  Last Runtime    Last Run               Last # of DB Queries
-----------------------------------  -----  ---------  --------  ----------  --------------  -------------------  ----------------------
/opt/airflow/dags/databricks_dag.py    191  0.01s             1           0  0.13s           2026-04-23T15:10:33                      10
================================================================================
[2026-04-23T15:11:34.395+0000] {manager.py:997} INFO - 
================================================================================
DAG File Processing Stats

File Path                              PID  Runtime      # DAGs    # Errors  Last Runtime    Last Run               Last # of DB Queries
-----------------------------------  -----  ---------  --------  ----------  --------------  -------------------  ----------------------
/opt/airflow/dags/databricks_dag.py    196  0.00s             1           0  0.17s           2026-04-23T15:11:04                      10
================================================================================
[2026-04-23T15:12:04.802+0000] {manager.py:997} INFO - 
================================================================================
DAG File Processing Stats

File Path                              PID  Runtime      # DAGs    # Errors  Last Runtime    Last Run               Last # of DB Queries
-----------------------------------  -----  ---------  --------  ----------  --------------  -------------------  ----------------------
/opt/airflow/dags/databricks_dag.py    201  0.01s             1           0  0.15s           2026-04-23T15:11:34                      10
================================================================================
[2026-04-23T15:12:35.383+0000] {manager.py:997} INFO - 
================================================================================
DAG File Processing Stats

File Path                              PID  Runtime      # DAGs    # Errors  Last Runtime    Last Run               Last # of DB Queries
-----------------------------------  -----  ---------  --------  ----------  --------------  -------------------  ----------------------
/opt/airflow/dags/databricks_dag.py    206  0.00s             1           0  0.24s           2026-04-23T15:12:05                      10
================================================================================
[2026-04-23T15:13:05.905+0000] {manager.py:997} INFO - 
================================================================================
DAG File Processing Stats

File Path                              PID  Runtime      # DAGs    # Errors  Last Runtime    Last Run               Last # of DB Queries
-----------------------------------  -----  ---------  --------  ----------  --------------  -------------------  ----------------------
/opt/airflow/dags/databricks_dag.py    211  0.00s             1           0  0.17s           2026-04-23T15:12:35                      10
================================================================================
[2026-04-23T15:13:36.409+0000] {manager.py:997} INFO - 
================================================================================
DAG File Processing Stats

File Path                              PID  Runtime      # DAGs    # Errors  Last Runtime    Last Run               Last # of DB Queries
-----------------------------------  -----  ---------  --------  ----------  --------------  -------------------  ----------------------
/opt/airflow/dags/databricks_dag.py    216  0.01s             1           0  0.25s           2026-04-23T15:13:06                      10
================================================================================
[2026-04-23T15:14:06.969+0000] {manager.py:997} INFO - 
================================================================================
DAG File Processing Stats

File Path                              PID  Runtime      # DAGs    # Errors  Last Runtime    Last Run               Last # of DB Queries
-----------------------------------  -----  ---------  --------  ----------  --------------  -------------------  ----------------------
/opt/airflow/dags/databricks_dag.py    221  0.00s             1           0  0.23s           2026-04-23T15:13:36                      10
================================================================================
[2026-04-23T15:14:33.243+0000] {manager.py:821} INFO - Searching for files in /opt/airflow/dags
[2026-04-23T15:14:33.292+0000] {manager.py:824} INFO - There are 1 files in /opt/airflow/dags
[2026-04-23T15:14:37.450+0000] {manager.py:997} INFO - 
================================================================================
DAG File Processing Stats

File Path                              PID  Runtime      # DAGs    # Errors  Last Runtime    Last Run               Last # of DB Queries
-----------------------------------  -----  ---------  --------  ----------  --------------  -------------------  ----------------------
/opt/airflow/dags/databricks_dag.py    227  0.00s             1           0  0.14s           2026-04-23T15:14:07                      10
================================================================================
[2026-04-23T15:15:08.002+0000] {manager.py:997} INFO - 
================================================================================
DAG File Processing Stats

File Path                              PID  Runtime      # DAGs    # Errors  Last Runtime    Last Run               Last # of DB Queries
-----------------------------------  -----  ---------  --------  ----------  --------------  -------------------  ----------------------
/opt/airflow/dags/databricks_dag.py    234  0.00s             1           0  0.10s           2026-04-23T15:14:37                      10
================================================================================
[2026-04-23T15:15:38.477+0000] {manager.py:997} INFO - 
================================================================================
DAG File Processing Stats

File Path                              PID  Runtime      # DAGs    # Errors  Last Runtime    Last Run               Last # of DB Queries
-----------------------------------  -----  ---------  --------  ----------  --------------  -------------------  ----------------------
/opt/airflow/dags/databricks_dag.py    303  0.00s             1           0  0.16s           2026-04-23T15:15:08                      10
================================================================================
[2026-04-23T15:15:39.016+0000] {manager.py:465} INFO - Exiting gracefully upon receiving signal 15
[2026-04-23T15:16:02.174+0000] {manager.py:483} INFO - Processing files using up to 2 processes at a time 
[2026-04-23T15:16:02.177+0000] {manager.py:484} INFO - Process each file at most once every 30 seconds
[2026-04-23T15:16:02.178+0000] {manager.py:485} INFO - Checking for new files in /opt/airflow/dags every 300 seconds
[2026-04-23T15:16:02.178+0000] {manager.py:821} INFO - Searching for files in /opt/airflow/dags
[2026-04-23T15:16:02.196+0000] {manager.py:824} INFO - There are 1 files in /opt/airflow/dags
[2026-04-23T15:16:02.263+0000] {manager.py:997} INFO - 
================================================================================
DAG File Processing Stats

File Path                              PID  Runtime      # DAGs    # Errors  Last Runtime    Last Run      Last # of DB Queries
-----------------------------------  -----  ---------  --------  ----------  --------------  ----------  ----------------------
/opt/airflow/dags/databricks_dag.py    173  0.02s             0           0                                                   0
================================================================================
[2026-04-23T15:16:32.630+0000] {manager.py:997} INFO - 
================================================================================
DAG File Processing Stats

File Path                              PID  Runtime      # DAGs    # Errors  Last Runtime    Last Run               Last # of DB Queries
-----------------------------------  -----  ---------  --------  ----------  --------------  -------------------  ----------------------
/opt/airflow/dags/databricks_dag.py    178  0.00s             1           0  0.19s           2026-04-23T15:16:02                      24
================================================================================
[2026-04-23T15:17:03.095+0000] {manager.py:997} INFO - 
================================================================================
DAG File Processing Stats

File Path                              PID  Runtime      # DAGs    # Errors  Last Runtime    Last Run               Last # of DB Queries
-----------------------------------  -----  ---------  --------  ----------  --------------  -------------------  ----------------------
/opt/airflow/dags/databricks_dag.py    183  0.00s             1           0  0.13s           2026-04-23T15:16:32                      10
================================================================================
[2026-04-23T15:17:33.625+0000] {manager.py:997} INFO - 
================================================================================
DAG File Processing Stats

File Path                              PID  Runtime      # DAGs    # Errors  Last Runtime    Last Run               Last # of DB Queries
-----------------------------------  -----  ---------  --------  ----------  --------------  -------------------  ----------------------
/opt/airflow/dags/databricks_dag.py    188  0.00s             1           0  0.22s           2026-04-23T15:17:03                      10
================================================================================
[2026-04-23T15:18:04.180+0000] {manager.py:997} INFO - 
================================================================================
DAG File Processing Stats

File Path                              PID  Runtime      # DAGs    # Errors  Last Runtime    Last Run               Last # of DB Queries
-----------------------------------  -----  ---------  --------  ----------  --------------  -------------------  ----------------------
/opt/airflow/dags/databricks_dag.py    196  0.00s             1           0  0.25s           2026-04-23T15:17:33                      10
================================================================================
[2026-04-23T15:18:34.690+0000] {manager.py:997} INFO - 
================================================================================
DAG File Processing Stats

File Path                              PID  Runtime      # DAGs    # Errors  Last Runtime    Last Run               Last # of DB Queries
-----------------------------------  -----  ---------  --------  ----------  --------------  -------------------  ----------------------
/opt/airflow/dags/databricks_dag.py    201  0.00s             1           0  0.13s           2026-04-23T15:18:04                      10
================================================================================
[2026-04-23T15:19:05.241+0000] {manager.py:997} INFO - 
================================================================================
DAG File Processing Stats

File Path                              PID  Runtime      # DAGs    # Errors  Last Runtime    Last Run               Last # of DB Queries
-----------------------------------  -----  ---------  --------  ----------  --------------  -------------------  ----------------------
/opt/airflow/dags/databricks_dag.py    206  0.00s             1           0  0.23s           2026-04-23T15:18:34                      10
================================================================================
[2026-04-23T15:19:35.695+0000] {manager.py:997} INFO - 
================================================================================
DAG File Processing Stats

File Path                              PID  Runtime      # DAGs    # Errors  Last Runtime    Last Run               Last # of DB Queries
-----------------------------------  -----  ---------  --------  ----------  --------------  -------------------  ----------------------
/opt/airflow/dags/databricks_dag.py    211  0.01s             1           0  0.17s           2026-04-23T15:19:05                      10
================================================================================
[2026-04-23T15:20:06.314+0000] {manager.py:997} INFO - 
================================================================================
DAG File Processing Stats

File Path                              PID  Runtime      # DAGs    # Errors  Last Runtime    Last Run               Last # of DB Queries
-----------------------------------  -----  ---------  --------  ----------  --------------  -------------------  ----------------------
/opt/airflow/dags/databricks_dag.py    216  0.00s             1           0  0.19s           2026-04-23T15:19:35                      10
================================================================================
[2026-04-23T15:20:36.845+0000] {manager.py:997} INFO - 
================================================================================
DAG File Processing Stats

File Path                              PID  Runtime      # DAGs    # Errors  Last Runtime    Last Run               Last # of DB Queries
-----------------------------------  -----  ---------  --------  ----------  --------------  -------------------  ----------------------
/opt/airflow/dags/databricks_dag.py    221  0.00s             1           0  0.21s           2026-04-23T15:20:06                      10
================================================================================
[2026-04-23T15:21:02.413+0000] {manager.py:821} INFO - Searching for files in /opt/airflow/dags
[2026-04-23T15:21:02.440+0000] {manager.py:824} INFO - There are 1 files in /opt/airflow/dags
[2026-04-23T15:21:07.569+0000] {manager.py:997} INFO - 
================================================================================
DAG File Processing Stats

File Path                              PID  Runtime      # DAGs    # Errors  Last Runtime    Last Run               Last # of DB Queries
-----------------------------------  -----  ---------  --------  ----------  --------------  -------------------  ----------------------
/opt/airflow/dags/databricks_dag.py    226  0.01s             1           0  0.21s           2026-04-23T15:20:37                      10
================================================================================
[2026-04-23T15:21:38.111+0000] {manager.py:997} INFO - 
================================================================================
DAG File Processing Stats

File Path                              PID  Runtime      # DAGs    # Errors  Last Runtime    Last Run               Last # of DB Queries
-----------------------------------  -----  ---------  --------  ----------  --------------  -------------------  ----------------------
/opt/airflow/dags/databricks_dag.py    231  0.00s             1           0  0.17s           2026-04-23T15:21:07                      10
================================================================================
[2026-04-23T15:22:08.687+0000] {manager.py:997} INFO - 
================================================================================
DAG File Processing Stats

File Path                              PID  Runtime      # DAGs    # Errors  Last Runtime    Last Run               Last # of DB Queries
-----------------------------------  -----  ---------  --------  ----------  --------------  -------------------  ----------------------
/opt/airflow/dags/databricks_dag.py    236  0.00s             1           0  0.19s           2026-04-23T15:21:38                      10
================================================================================
[2026-04-23T15:22:39.187+0000] {manager.py:997} INFO - 
================================================================================
DAG File Processing Stats

File Path                              PID  Runtime      # DAGs    # Errors  Last Runtime    Last Run               Last # of DB Queries
-----------------------------------  -----  ---------  --------  ----------  --------------  -------------------  ----------------------
/opt/airflow/dags/databricks_dag.py    241  0.01s             1           0  0.24s           2026-04-23T15:22:08                      10
================================================================================
[2026-04-23T15:23:09.791+0000] {manager.py:997} INFO - 
================================================================================
DAG File Processing Stats

File Path                              PID  Runtime      # DAGs    # Errors  Last Runtime    Last Run               Last # of DB Queries
-----------------------------------  -----  ---------  --------  ----------  --------------  -------------------  ----------------------
/opt/airflow/dags/databricks_dag.py    249  0.01s             1           0  0.23s           2026-04-23T15:22:39                      10
================================================================================
[2026-04-23T15:23:40.371+0000] {manager.py:997} INFO - 
================================================================================
DAG File Processing Stats

File Path                              PID  Runtime      # DAGs    # Errors  Last Runtime    Last Run               Last # of DB Queries
-----------------------------------  -----  ---------  --------  ----------  --------------  -------------------  ----------------------
/opt/airflow/dags/databricks_dag.py    254  0.01s             1           0  0.24s           2026-04-23T15:23:10                      10
================================================================================
[2026-04-23T15:24:11.140+0000] {manager.py:997} INFO - 
================================================================================
DAG File Processing Stats

File Path                              PID  Runtime      # DAGs    # Errors  Last Runtime    Last Run               Last # of DB Queries
-----------------------------------  -----  ---------  --------  ----------  --------------  -------------------  ----------------------
/opt/airflow/dags/databricks_dag.py    259  0.01s             1           0  0.26s           2026-04-23T15:23:40                      10
================================================================================
[2026-04-23T15:24:41.653+0000] {manager.py:997} INFO - 
================================================================================
DAG File Processing Stats

File Path                              PID  Runtime      # DAGs    # Errors  Last Runtime    Last Run               Last # of DB Queries
-----------------------------------  -----  ---------  --------  ----------  --------------  -------------------  ----------------------
/opt/airflow/dags/databricks_dag.py    264  0.00s             1           0  0.25s           2026-04-23T15:24:11                      10
================================================================================
[2026-04-23T15:25:12.379+0000] {manager.py:997} INFO - 
================================================================================
DAG File Processing Stats

File Path                              PID  Runtime      # DAGs    # Errors  Last Runtime    Last Run               Last # of DB Queries
-----------------------------------  -----  ---------  --------  ----------  --------------  -------------------  ----------------------
/opt/airflow/dags/databricks_dag.py    269  0.01s             1           0  0.27s           2026-04-23T15:24:41                      10
================================================================================
[2026-04-23T15:25:42.897+0000] {manager.py:997} INFO - 
================================================================================
DAG File Processing Stats

File Path                              PID  Runtime      # DAGs    # Errors  Last Runtime    Last Run               Last # of DB Queries
-----------------------------------  -----  ---------  --------  ----------  --------------  -------------------  ----------------------
/opt/airflow/dags/databricks_dag.py    274  0.01s             1           0  0.15s           2026-04-23T15:25:12                      10
================================================================================
[2026-04-23T15:26:03.133+0000] {manager.py:821} INFO - Searching for files in /opt/airflow/dags
[2026-04-23T15:26:03.255+0000] {manager.py:824} INFO - There are 1 files in /opt/airflow/dags
[2026-04-23T15:26:13.447+0000] {manager.py:997} INFO - 
================================================================================
DAG File Processing Stats

File Path                              PID  Runtime      # DAGs    # Errors  Last Runtime    Last Run               Last # of DB Queries
-----------------------------------  -----  ---------  --------  ----------  --------------  -------------------  ----------------------
/opt/airflow/dags/databricks_dag.py    279  0.00s             1           0  0.14s           2026-04-23T15:25:43                      10
================================================================================
[2026-04-23T15:26:43.965+0000] {manager.py:997} INFO - 
================================================================================
DAG File Processing Stats

File Path                              PID  Runtime      # DAGs    # Errors  Last Runtime    Last Run               Last # of DB Queries
-----------------------------------  -----  ---------  --------  ----------  --------------  -------------------  ----------------------
/opt/airflow/dags/databricks_dag.py    284  0.01s             1           0  0.23s           2026-04-23T15:26:13                      10
================================================================================
[2026-04-23T15:27:14.656+0000] {manager.py:997} INFO - 
================================================================================
DAG File Processing Stats

File Path                              PID  Runtime      # DAGs    # Errors  Last Runtime    Last Run               Last # of DB Queries
-----------------------------------  -----  ---------  --------  ----------  --------------  -------------------  ----------------------
/opt/airflow/dags/databricks_dag.py    289  0.00s             1           0  0.24s           2026-04-23T15:26:44                      10
================================================================================
[2026-04-23T15:27:45.142+0000] {manager.py:997} INFO - 
================================================================================
DAG File Processing Stats

File Path                              PID  Runtime      # DAGs    # Errors  Last Runtime    Last Run               Last # of DB Queries
-----------------------------------  -----  ---------  --------  ----------  --------------  -------------------  ----------------------
/opt/airflow/dags/databricks_dag.py    294  0.00s             1           0  0.12s           2026-04-23T15:27:14                      10
================================================================================
[2026-04-23T15:28:15.669+0000] {manager.py:997} INFO - 
================================================================================
DAG File Processing Stats

File Path                              PID  Runtime      # DAGs    # Errors  Last Runtime    Last Run               Last # of DB Queries
-----------------------------------  -----  ---------  --------  ----------  --------------  -------------------  ----------------------
/opt/airflow/dags/databricks_dag.py    299  0.00s             1           0  0.21s           2026-04-23T15:27:45                      10
================================================================================
[2026-04-23T15:28:46.258+0000] {manager.py:997} INFO - 
================================================================================
DAG File Processing Stats

File Path                              PID  Runtime      # DAGs    # Errors  Last Runtime    Last Run               Last # of DB Queries
-----------------------------------  -----  ---------  --------  ----------  --------------  -------------------  ----------------------
/opt/airflow/dags/databricks_dag.py    304  0.01s             1           0  0.25s           2026-04-23T15:28:15                      10
================================================================================
[2026-04-23T15:29:16.735+0000] {manager.py:997} INFO - 
================================================================================
DAG File Processing Stats

File Path                              PID  Runtime      # DAGs    # Errors  Last Runtime    Last Run               Last # of DB Queries
-----------------------------------  -----  ---------  --------  ----------  --------------  -------------------  ----------------------
/opt/airflow/dags/databricks_dag.py    309  0.00s             1           0  0.24s           2026-04-23T15:28:46                      10
================================================================================
[2026-04-23T15:29:47.209+0000] {manager.py:997} INFO - 
================================================================================
DAG File Processing Stats

File Path                              PID  Runtime      # DAGs    # Errors  Last Runtime    Last Run               Last # of DB Queries
-----------------------------------  -----  ---------  --------  ----------  --------------  -------------------  ----------------------
/opt/airflow/dags/databricks_dag.py    314  0.01s             1           0  0.15s           2026-04-23T15:29:16                      10
================================================================================
[2026-04-23T15:30:17.730+0000] {manager.py:997} INFO - 
================================================================================
DAG File Processing Stats

File Path                              PID  Runtime      # DAGs    # Errors  Last Runtime    Last Run               Last # of DB Queries
-----------------------------------  -----  ---------  --------  ----------  --------------  -------------------  ----------------------
/opt/airflow/dags/databricks_dag.py    319  0.00s             1           0  0.23s           2026-04-23T15:29:47                      10
================================================================================
[2026-04-23T15:30:48.182+0000] {manager.py:997} INFO - 
================================================================================
DAG File Processing Stats

File Path                              PID  Runtime      # DAGs    # Errors  Last Runtime    Last Run               Last # of DB Queries
-----------------------------------  -----  ---------  --------  ----------  --------------  -------------------  ----------------------
/opt/airflow/dags/databricks_dag.py    324  0.00s             1           0  0.12s           2026-04-23T15:30:17                      10
================================================================================
[2026-04-23T15:31:03.434+0000] {manager.py:821} INFO - Searching for files in /opt/airflow/dags
[2026-04-23T15:31:03.542+0000] {manager.py:824} INFO - There are 1 files in /opt/airflow/dags
[2026-04-23T15:31:18.830+0000] {manager.py:997} INFO - 
================================================================================
DAG File Processing Stats

File Path                              PID  Runtime      # DAGs    # Errors  Last Runtime    Last Run               Last # of DB Queries
-----------------------------------  -----  ---------  --------  ----------  --------------  -------------------  ----------------------
/opt/airflow/dags/databricks_dag.py    329  0.03s             1           0  0.20s           2026-04-23T15:30:48                      10
================================================================================
[2026-04-23T15:31:49.331+0000] {manager.py:997} INFO - 
================================================================================
DAG File Processing Stats

File Path                              PID  Runtime      # DAGs    # Errors  Last Runtime    Last Run               Last # of DB Queries
-----------------------------------  -----  ---------  --------  ----------  --------------  -------------------  ----------------------
/opt/airflow/dags/databricks_dag.py    334  0.00s             1           0  0.16s           2026-04-23T15:31:18                      10
================================================================================
[2026-04-23T15:32:19.786+0000] {manager.py:997} INFO - 
================================================================================
DAG File Processing Stats

File Path                              PID  Runtime      # DAGs    # Errors  Last Runtime    Last Run               Last # of DB Queries
-----------------------------------  -----  ---------  --------  ----------  --------------  -------------------  ----------------------
/opt/airflow/dags/databricks_dag.py    339  0.00s             1           0  0.23s           2026-04-23T15:31:49                      10
================================================================================
[2026-04-23T15:32:50.403+0000] {manager.py:997} INFO - 
================================================================================
DAG File Processing Stats

File Path                              PID  Runtime      # DAGs    # Errors  Last Runtime    Last Run               Last # of DB Queries
-----------------------------------  -----  ---------  --------  ----------  --------------  -------------------  ----------------------
/opt/airflow/dags/databricks_dag.py    344  0.01s             1           0  0.14s           2026-04-23T15:32:19                      10
================================================================================
[2026-04-23T15:33:20.997+0000] {manager.py:997} INFO - 
================================================================================
DAG File Processing Stats

File Path                              PID  Runtime      # DAGs    # Errors  Last Runtime    Last Run               Last # of DB Queries
-----------------------------------  -----  ---------  --------  ----------  --------------  -------------------  ----------------------
/opt/airflow/dags/databricks_dag.py    349  0.01s             1           0  0.23s           2026-04-23T15:32:50                      10
================================================================================
[2026-04-23T15:33:51.577+0000] {manager.py:997} INFO - 
================================================================================
DAG File Processing Stats

File Path                              PID  Runtime      # DAGs    # Errors  Last Runtime    Last Run               Last # of DB Queries
-----------------------------------  -----  ---------  --------  ----------  --------------  -------------------  ----------------------
/opt/airflow/dags/databricks_dag.py    354  0.00s             1           0  0.21s           2026-04-23T15:33:21                      10
================================================================================
[2026-04-23T15:34:22.136+0000] {manager.py:997} INFO - 
================================================================================
DAG File Processing Stats

File Path                              PID  Runtime      # DAGs    # Errors  Last Runtime    Last Run               Last # of DB Queries
-----------------------------------  -----  ---------  --------  ----------  --------------  -------------------  ----------------------
/opt/airflow/dags/databricks_dag.py    359  0.01s             1           0  0.23s           2026-04-23T15:33:51                      10
================================================================================
[2026-04-23T15:34:52.791+0000] {manager.py:997} INFO - 
================================================================================
DAG File Processing Stats

File Path                              PID  Runtime      # DAGs    # Errors  Last Runtime    Last Run               Last # of DB Queries
-----------------------------------  -----  ---------  --------  ----------  --------------  -------------------  ----------------------
/opt/airflow/dags/databricks_dag.py    364  0.00s             1           0  0.25s           2026-04-23T15:34:22                      10
================================================================================
[2026-04-23T15:35:23.256+0000] {manager.py:997} INFO - 
================================================================================
DAG File Processing Stats

File Path                              PID  Runtime      # DAGs    # Errors  Last Runtime    Last Run               Last # of DB Queries
-----------------------------------  -----  ---------  --------  ----------  --------------  -------------------  ----------------------
/opt/airflow/dags/databricks_dag.py    369  0.00s             1           0  0.22s           2026-04-23T15:34:53                      10
================================================================================
[2026-04-23T15:35:53.792+0000] {manager.py:997} INFO - 
================================================================================
DAG File Processing Stats

File Path                              PID  Runtime      # DAGs    # Errors  Last Runtime    Last Run               Last # of DB Queries
-----------------------------------  -----  ---------  --------  ----------  --------------  -------------------  ----------------------
/opt/airflow/dags/databricks_dag.py    374  0.01s             1           0  0.27s           2026-04-23T15:35:23                      10
================================================================================
[2026-04-23T15:36:04.133+0000] {manager.py:821} INFO - Searching for files in /opt/airflow/dags
[2026-04-23T15:36:04.233+0000] {manager.py:824} INFO - There are 1 files in /opt/airflow/dags
[2026-04-23T15:36:24.610+0000] {manager.py:997} INFO - 
================================================================================
DAG File Processing Stats

File Path                              PID  Runtime      # DAGs    # Errors  Last Runtime    Last Run               Last # of DB Queries
-----------------------------------  -----  ---------  --------  ----------  --------------  -------------------  ----------------------
/opt/airflow/dags/databricks_dag.py    379  0.00s             1           0  0.25s           2026-04-23T15:35:54                      10
================================================================================
[2026-04-23T15:36:55.135+0000] {manager.py:997} INFO - 
================================================================================
DAG File Processing Stats

File Path                              PID  Runtime      # DAGs    # Errors  Last Runtime    Last Run               Last # of DB Queries
-----------------------------------  -----  ---------  --------  ----------  --------------  -------------------  ----------------------
/opt/airflow/dags/databricks_dag.py    384  0.01s             1           0  0.35s           2026-04-23T15:36:24                      10
================================================================================
[2026-04-23T15:37:25.641+0000] {manager.py:997} INFO - 
================================================================================
DAG File Processing Stats

File Path                              PID  Runtime      # DAGs    # Errors  Last Runtime    Last Run               Last # of DB Queries
-----------------------------------  -----  ---------  --------  ----------  --------------  -------------------  ----------------------
/opt/airflow/dags/databricks_dag.py    389  0.01s             1           0  0.16s           2026-04-23T15:36:55                      10
================================================================================
[2026-04-23T15:37:56.270+0000] {manager.py:997} INFO - 
================================================================================
DAG File Processing Stats

File Path                              PID  Runtime      # DAGs    # Errors  Last Runtime    Last Run               Last # of DB Queries
-----------------------------------  -----  ---------  --------  ----------  --------------  -------------------  ----------------------
/opt/airflow/dags/databricks_dag.py    394  0.00s             1           0  0.23s           2026-04-23T15:37:25                      10
================================================================================
[2026-04-23T15:38:26.878+0000] {manager.py:997} INFO - 
================================================================================
DAG File Processing Stats

File Path                              PID  Runtime      # DAGs    # Errors  Last Runtime    Last Run               Last # of DB Queries
-----------------------------------  -----  ---------  --------  ----------  --------------  -------------------  ----------------------
/opt/airflow/dags/databricks_dag.py    399  0.01s             1           0  0.25s           2026-04-23T15:37:56                      10
================================================================================
[2026-04-23T15:38:57.513+0000] {manager.py:997} INFO - 
================================================================================
DAG File Processing Stats

File Path                              PID  Runtime      # DAGs    # Errors  Last Runtime    Last Run               Last # of DB Queries
-----------------------------------  -----  ---------  --------  ----------  --------------  -------------------  ----------------------
/opt/airflow/dags/databricks_dag.py    404  0.00s             1           0  0.29s           2026-04-23T15:38:27                      10
================================================================================
[2026-04-23T15:39:28.173+0000] {manager.py:997} INFO - 
================================================================================
DAG File Processing Stats

File Path                              PID  Runtime      # DAGs    # Errors  Last Runtime    Last Run               Last # of DB Queries
-----------------------------------  -----  ---------  --------  ----------  --------------  -------------------  ----------------------
/opt/airflow/dags/databricks_dag.py    409  0.01s             1           0  0.18s           2026-04-23T15:38:57                      10
================================================================================
[2026-04-23T15:39:58.621+0000] {manager.py:997} INFO - 
================================================================================
DAG File Processing Stats

File Path                              PID  Runtime      # DAGs    # Errors  Last Runtime    Last Run               Last # of DB Queries
-----------------------------------  -----  ---------  --------  ----------  --------------  -------------------  ----------------------
/opt/airflow/dags/databricks_dag.py    414  0.00s             1           0  0.18s           2026-04-23T15:39:28                      10
================================================================================
[2026-04-23T15:40:29.091+0000] {manager.py:997} INFO - 
================================================================================
DAG File Processing Stats

File Path                              PID  Runtime      # DAGs    # Errors  Last Runtime    Last Run               Last # of DB Queries
-----------------------------------  -----  ---------  --------  ----------  --------------  -------------------  ----------------------
/opt/airflow/dags/databricks_dag.py    419  0.01s             1           0  0.21s           2026-04-23T15:39:58                      10
================================================================================
[2026-04-23T15:40:59.772+0000] {manager.py:997} INFO - 
================================================================================
DAG File Processing Stats

File Path                              PID  Runtime      # DAGs    # Errors  Last Runtime    Last Run               Last # of DB Queries
-----------------------------------  -----  ---------  --------  ----------  --------------  -------------------  ----------------------
/opt/airflow/dags/databricks_dag.py    424  0.01s             1           0  0.26s           2026-04-23T15:40:29                      10
================================================================================
[2026-04-23T15:41:04.892+0000] {manager.py:821} INFO - Searching for files in /opt/airflow/dags
[2026-04-23T15:41:05.105+0000] {manager.py:824} INFO - There are 1 files in /opt/airflow/dags
[2026-04-23T15:41:30.580+0000] {manager.py:997} INFO - 
================================================================================
DAG File Processing Stats

File Path                              PID  Runtime      # DAGs    # Errors  Last Runtime    Last Run               Last # of DB Queries
-----------------------------------  -----  ---------  --------  ----------  --------------  -------------------  ----------------------
/opt/airflow/dags/databricks_dag.py    429  0.00s             1           0  0.27s           2026-04-23T15:41:00                      10
================================================================================
[2026-04-23T15:42:01.120+0000] {manager.py:997} INFO - 
================================================================================
DAG File Processing Stats

File Path                              PID  Runtime      # DAGs    # Errors  Last Runtime    Last Run               Last # of DB Queries
-----------------------------------  -----  ---------  --------  ----------  --------------  -------------------  ----------------------
/opt/airflow/dags/databricks_dag.py    434  0.01s             1           0  0.20s           2026-04-23T15:41:30                      10
================================================================================
[2026-04-23T15:42:31.803+0000] {manager.py:997} INFO - 
================================================================================
DAG File Processing Stats

File Path                              PID  Runtime      # DAGs    # Errors  Last Runtime    Last Run               Last # of DB Queries
-----------------------------------  -----  ---------  --------  ----------  --------------  -------------------  ----------------------
/opt/airflow/dags/databricks_dag.py    439  0.01s             1           0  0.27s           2026-04-23T15:42:01                      10
================================================================================
[2026-04-23T15:43:02.373+0000] {manager.py:997} INFO - 
================================================================================
DAG File Processing Stats

File Path                              PID  Runtime      # DAGs    # Errors  Last Runtime    Last Run               Last # of DB Queries
-----------------------------------  -----  ---------  --------  ----------  --------------  -------------------  ----------------------
/opt/airflow/dags/databricks_dag.py    444  0.01s             1           0  0.24s           2026-04-23T15:42:32                      10
================================================================================
[2026-04-23T15:43:33.119+0000] {manager.py:997} INFO - 
================================================================================
DAG File Processing Stats

File Path                              PID  Runtime      # DAGs    # Errors  Last Runtime    Last Run               Last # of DB Queries
-----------------------------------  -----  ---------  --------  ----------  --------------  -------------------  ----------------------
/opt/airflow/dags/databricks_dag.py    449  0.01s             1           0  0.25s           2026-04-23T15:43:02                      10
================================================================================
[2026-04-23T15:44:03.628+0000] {manager.py:997} INFO - 
================================================================================
DAG File Processing Stats

File Path                              PID  Runtime      # DAGs    # Errors  Last Runtime    Last Run               Last # of DB Queries
-----------------------------------  -----  ---------  --------  ----------  --------------  -------------------  ----------------------
/opt/airflow/dags/databricks_dag.py    454  0.01s             1           0  0.21s           2026-04-23T15:43:33                      10
================================================================================
[2026-04-23T15:44:34.361+0000] {manager.py:997} INFO - 
================================================================================
DAG File Processing Stats

File Path                              PID  Runtime      # DAGs    # Errors  Last Runtime    Last Run               Last # of DB Queries
-----------------------------------  -----  ---------  --------  ----------  --------------  -------------------  ----------------------
/opt/airflow/dags/databricks_dag.py    459  0.00s             1           0  0.22s           2026-04-23T15:44:03                      10
================================================================================
[2026-04-23T15:45:04.797+0000] {manager.py:997} INFO - 
================================================================================
DAG File Processing Stats

File Path                              PID  Runtime      # DAGs    # Errors  Last Runtime    Last Run               Last # of DB Queries
-----------------------------------  -----  ---------  --------  ----------  --------------  -------------------  ----------------------
/opt/airflow/dags/databricks_dag.py    464  0.01s             1           0  0.25s           2026-04-23T15:44:34                      10
================================================================================
[2026-04-23T15:45:35.467+0000] {manager.py:997} INFO - 
================================================================================
DAG File Processing Stats

File Path                              PID  Runtime      # DAGs    # Errors  Last Runtime    Last Run               Last # of DB Queries
-----------------------------------  -----  ---------  --------  ----------  --------------  -------------------  ----------------------
/opt/airflow/dags/databricks_dag.py    469  0.00s             1           0  0.25s           2026-04-23T15:45:05                      10
================================================================================
[2026-04-23T15:46:04.925+0000] {manager.py:821} INFO - Searching for files in /opt/airflow/dags
[2026-04-23T15:46:05.041+0000] {manager.py:824} INFO - There are 1 files in /opt/airflow/dags
[2026-04-23T15:46:06.109+0000] {manager.py:997} INFO - 
================================================================================
DAG File Processing Stats

File Path                              PID  Runtime      # DAGs    # Errors  Last Runtime    Last Run               Last # of DB Queries
-----------------------------------  -----  ---------  --------  ----------  --------------  -------------------  ----------------------
/opt/airflow/dags/databricks_dag.py    474  0.01s             1           0  0.11s           2026-04-23T15:45:35                      10
================================================================================
[2026-04-23T15:46:36.567+0000] {manager.py:997} INFO - 
================================================================================
DAG File Processing Stats

File Path                              PID  Runtime      # DAGs    # Errors  Last Runtime    Last Run               Last # of DB Queries
-----------------------------------  -----  ---------  --------  ----------  --------------  -------------------  ----------------------
/opt/airflow/dags/databricks_dag.py    479  0.00s             1           0  0.14s           2026-04-23T15:46:06                      10
================================================================================
[2026-04-23T15:47:07.209+0000] {manager.py:997} INFO - 
================================================================================
DAG File Processing Stats

File Path                              PID  Runtime      # DAGs    # Errors  Last Runtime    Last Run               Last # of DB Queries
-----------------------------------  -----  ---------  --------  ----------  --------------  -------------------  ----------------------
/opt/airflow/dags/databricks_dag.py    484  0.01s             1           0  0.18s           2026-04-23T15:46:36                      10
================================================================================
[2026-04-23T15:47:37.696+0000] {manager.py:997} INFO - 
================================================================================
DAG File Processing Stats

File Path                              PID  Runtime      # DAGs    # Errors  Last Runtime    Last Run               Last # of DB Queries
-----------------------------------  -----  ---------  --------  ----------  --------------  -------------------  ----------------------
/opt/airflow/dags/databricks_dag.py    489  0.00s             1           0  0.25s           2026-04-23T15:47:07                      10
================================================================================
[2026-04-23T15:48:08.204+0000] {manager.py:997} INFO - 
================================================================================
DAG File Processing Stats

File Path                              PID  Runtime      # DAGs    # Errors  Last Runtime    Last Run               Last # of DB Queries
-----------------------------------  -----  ---------  --------  ----------  --------------  -------------------  ----------------------
/opt/airflow/dags/databricks_dag.py    494  0.00s             1           0  0.11s           2026-04-23T15:47:37                      10
================================================================================
[2026-04-23T15:48:38.771+0000] {manager.py:997} INFO - 
================================================================================
DAG File Processing Stats

File Path                              PID  Runtime      # DAGs    # Errors  Last Runtime    Last Run               Last # of DB Queries
-----------------------------------  -----  ---------  --------  ----------  --------------  -------------------  ----------------------
/opt/airflow/dags/databricks_dag.py    499  0.01s             1           0  0.18s           2026-04-23T15:48:08                      10
================================================================================
[2026-04-23T15:49:09.354+0000] {manager.py:997} INFO - 
================================================================================
DAG File Processing Stats

File Path                              PID  Runtime      # DAGs    # Errors  Last Runtime    Last Run               Last # of DB Queries
-----------------------------------  -----  ---------  --------  ----------  --------------  -------------------  ----------------------
/opt/airflow/dags/databricks_dag.py    504  0.00s             1           0  0.25s           2026-04-23T15:48:39                      10
================================================================================
[2026-04-23T15:49:39.501+0000] {manager.py:997} INFO - 
================================================================================
DAG File Processing Stats

File Path                            PID    Runtime      # DAGs    # Errors  Last Runtime    Last Run               Last # of DB Queries
-----------------------------------  -----  ---------  --------  ----------  --------------  -------------------  ----------------------
/opt/airflow/dags/databricks_dag.py                           1           0  0.36s           2026-04-23T15:49:27                      20
================================================================================
[2026-04-23T15:50:09.887+0000] {manager.py:997} INFO - 
================================================================================
DAG File Processing Stats

File Path                            PID    Runtime      # DAGs    # Errors  Last Runtime    Last Run               Last # of DB Queries
-----------------------------------  -----  ---------  --------  ----------  --------------  -------------------  ----------------------
/opt/airflow/dags/databricks_dag.py                           1           0  0.17s           2026-04-23T15:49:57                      10
================================================================================
[2026-04-23T15:50:40.622+0000] {manager.py:997} INFO - 
================================================================================
DAG File Processing Stats

File Path                            PID    Runtime      # DAGs    # Errors  Last Runtime    Last Run               Last # of DB Queries
-----------------------------------  -----  ---------  --------  ----------  --------------  -------------------  ----------------------
/opt/airflow/dags/databricks_dag.py                           1           0  0.24s           2026-04-23T15:50:28                      10
================================================================================
[2026-04-23T15:51:05.043+0000] {manager.py:821} INFO - Searching for files in /opt/airflow/dags
[2026-04-23T15:51:05.061+0000] {manager.py:824} INFO - There are 1 files in /opt/airflow/dags
[2026-04-23T15:51:11.215+0000] {manager.py:997} INFO - 
================================================================================
DAG File Processing Stats

File Path                            PID    Runtime      # DAGs    # Errors  Last Runtime    Last Run               Last # of DB Queries
-----------------------------------  -----  ---------  --------  ----------  --------------  -------------------  ----------------------
/opt/airflow/dags/databricks_dag.py                           1           0  0.24s           2026-04-23T15:50:59                      10
================================================================================
[2026-04-23T15:51:41.745+0000] {manager.py:997} INFO - 
================================================================================
DAG File Processing Stats

File Path                            PID    Runtime      # DAGs    # Errors  Last Runtime    Last Run               Last # of DB Queries
-----------------------------------  -----  ---------  --------  ----------  --------------  -------------------  ----------------------
/opt/airflow/dags/databricks_dag.py                           1           0  0.24s           2026-04-23T15:51:29                      10
================================================================================
[2026-04-23T15:52:12.358+0000] {manager.py:997} INFO - 
================================================================================
DAG File Processing Stats

File Path                            PID    Runtime      # DAGs    # Errors  Last Runtime    Last Run               Last # of DB Queries
-----------------------------------  -----  ---------  --------  ----------  --------------  -------------------  ----------------------
/opt/airflow/dags/databricks_dag.py                           1           0  0.21s           2026-04-23T15:52:00                      10
================================================================================
[2026-04-23T15:52:42.863+0000] {manager.py:997} INFO - 
================================================================================
DAG File Processing Stats

File Path                            PID    Runtime      # DAGs    # Errors  Last Runtime    Last Run               Last # of DB Queries
-----------------------------------  -----  ---------  --------  ----------  --------------  -------------------  ----------------------
/opt/airflow/dags/databricks_dag.py                           1           0  0.14s           2026-04-23T15:52:30                      10
================================================================================
[2026-04-23T15:53:13.311+0000] {manager.py:997} INFO - 
================================================================================
DAG File Processing Stats

File Path                            PID    Runtime      # DAGs    # Errors  Last Runtime    Last Run               Last # of DB Queries
-----------------------------------  -----  ---------  --------  ----------  --------------  -------------------  ----------------------
/opt/airflow/dags/databricks_dag.py                           1           0  0.24s           2026-04-23T15:53:01                      10
================================================================================
[2026-04-23T15:53:43.673+0000] {manager.py:997} INFO - 
================================================================================
DAG File Processing Stats

File Path                            PID    Runtime      # DAGs    # Errors  Last Runtime    Last Run               Last # of DB Queries
-----------------------------------  -----  ---------  --------  ----------  --------------  -------------------  ----------------------
/opt/airflow/dags/databricks_dag.py                           1           0  0.14s           2026-04-23T15:53:31                      10
================================================================================
[2026-04-23T15:54:14.226+0000] {manager.py:997} INFO - 
================================================================================
DAG File Processing Stats

File Path                            PID    Runtime      # DAGs    # Errors  Last Runtime    Last Run               Last # of DB Queries
-----------------------------------  -----  ---------  --------  ----------  --------------  -------------------  ----------------------
/opt/airflow/dags/databricks_dag.py                           1           0  0.17s           2026-04-23T15:54:02                      10
================================================================================
[2026-04-23T15:54:44.636+0000] {manager.py:997} INFO - 
================================================================================
DAG File Processing Stats

File Path                            PID    Runtime      # DAGs    # Errors  Last Runtime    Last Run               Last # of DB Queries
-----------------------------------  -----  ---------  --------  ----------  --------------  -------------------  ----------------------
/opt/airflow/dags/databricks_dag.py                           1           0  0.25s           2026-04-23T15:54:32                      10
================================================================================
[2026-04-23T15:55:15.006+0000] {manager.py:997} INFO - 
================================================================================
DAG File Processing Stats

File Path                            PID    Runtime      # DAGs    # Errors  Last Runtime    Last Run               Last # of DB Queries
-----------------------------------  -----  ---------  --------  ----------  --------------  -------------------  ----------------------
/opt/airflow/dags/databricks_dag.py                           1           0  0.11s           2026-04-23T15:55:02                      10
================================================================================
[2026-04-23T15:55:45.437+0000] {manager.py:997} INFO - 
================================================================================
DAG File Processing Stats

File Path                            PID    Runtime      # DAGs    # Errors  Last Runtime    Last Run               Last # of DB Queries
-----------------------------------  -----  ---------  --------  ----------  --------------  -------------------  ----------------------
/opt/airflow/dags/databricks_dag.py                           1           0  0.24s           2026-04-23T15:55:33                      10
================================================================================
[2026-04-23T15:56:05.967+0000] {manager.py:821} INFO - Searching for files in /opt/airflow/dags
[2026-04-23T15:56:05.985+0000] {manager.py:824} INFO - There are 1 files in /opt/airflow/dags
[2026-04-23T15:56:16.122+0000] {manager.py:997} INFO - 
================================================================================
DAG File Processing Stats

File Path                            PID    Runtime      # DAGs    # Errors  Last Runtime    Last Run               Last # of DB Queries
-----------------------------------  -----  ---------  --------  ----------  --------------  -------------------  ----------------------
/opt/airflow/dags/databricks_dag.py                           1           0  0.24s           2026-04-23T15:56:03                      10
================================================================================
[2026-04-23T15:56:46.608+0000] {manager.py:997} INFO - 
================================================================================
DAG File Processing Stats

File Path                            PID    Runtime      # DAGs    # Errors  Last Runtime    Last Run               Last # of DB Queries
-----------------------------------  -----  ---------  --------  ----------  --------------  -------------------  ----------------------
/opt/airflow/dags/databricks_dag.py                           1           0  0.39s           2026-04-23T15:56:30                      20
================================================================================
[2026-04-23T15:57:17.095+0000] {manager.py:997} INFO - 
================================================================================
DAG File Processing Stats

File Path                            PID    Runtime      # DAGs    # Errors  Last Runtime    Last Run               Last # of DB Queries
-----------------------------------  -----  ---------  --------  ----------  --------------  -------------------  ----------------------
/opt/airflow/dags/databricks_dag.py                           1           0  0.12s           2026-04-23T15:57:00                      10
================================================================================
[2026-04-23T15:57:47.630+0000] {manager.py:997} INFO - 
================================================================================
DAG File Processing Stats

File Path                            PID    Runtime      # DAGs    # Errors  Last Runtime    Last Run               Last # of DB Queries
-----------------------------------  -----  ---------  --------  ----------  --------------  -------------------  ----------------------
/opt/airflow/dags/databricks_dag.py                           1           0  0.21s           2026-04-23T15:57:31                      10
================================================================================
[2026-04-23T15:58:18.149+0000] {manager.py:997} INFO - 
================================================================================
DAG File Processing Stats

File Path                            PID    Runtime      # DAGs    # Errors  Last Runtime    Last Run               Last # of DB Queries
-----------------------------------  -----  ---------  --------  ----------  --------------  -------------------  ----------------------
/opt/airflow/dags/databricks_dag.py                           1           0  0.24s           2026-04-23T15:58:02                      10
================================================================================
[2026-04-23T15:58:48.686+0000] {manager.py:997} INFO - 
================================================================================
DAG File Processing Stats

File Path                            PID    Runtime      # DAGs    # Errors  Last Runtime    Last Run               Last # of DB Queries
-----------------------------------  -----  ---------  --------  ----------  --------------  -------------------  ----------------------
/opt/airflow/dags/databricks_dag.py                           1           0  0.15s           2026-04-23T15:58:32                      10
================================================================================
[2026-04-23T15:59:19.172+0000] {manager.py:997} INFO - 
================================================================================
DAG File Processing Stats

File Path                            PID    Runtime      # DAGs    # Errors  Last Runtime    Last Run               Last # of DB Queries
-----------------------------------  -----  ---------  --------  ----------  --------------  -------------------  ----------------------
/opt/airflow/dags/databricks_dag.py                           1           0  0.15s           2026-04-23T15:59:03                      10
================================================================================
[2026-04-23T15:59:49.697+0000] {manager.py:997} INFO - 
================================================================================
DAG File Processing Stats

File Path                            PID    Runtime      # DAGs    # Errors  Last Runtime    Last Run               Last # of DB Queries
-----------------------------------  -----  ---------  --------  ----------  --------------  -------------------  ----------------------
/opt/airflow/dags/databricks_dag.py                           1           0  0.26s           2026-04-23T15:59:33                      10
================================================================================
[2026-04-23T16:00:12.535+0000] {manager.py:465} INFO - Exiting gracefully upon receiving signal 15
[2026-04-23T16:00:36.570+0000] {manager.py:483} INFO - Processing files using up to 2 processes at a time 
[2026-04-23T16:00:36.570+0000] {manager.py:484} INFO - Process each file at most once every 30 seconds
[2026-04-23T16:00:36.571+0000] {manager.py:485} INFO - Checking for new files in /opt/airflow/dags every 300 seconds
[2026-04-23T16:00:36.571+0000] {manager.py:821} INFO - Searching for files in /opt/airflow/dags
[2026-04-23T16:00:36.586+0000] {manager.py:824} INFO - There are 1 files in /opt/airflow/dags
[2026-04-23T16:00:36.648+0000] {manager.py:997} INFO - 
================================================================================
DAG File Processing Stats

File Path                              PID  Runtime      # DAGs    # Errors  Last Runtime    Last Run      Last # of DB Queries
-----------------------------------  -----  ---------  --------  ----------  --------------  ----------  ----------------------
/opt/airflow/dags/databricks_dag.py    173  0.02s             0           0                                                   0
================================================================================
[2026-04-23T16:01:06.985+0000] {manager.py:997} INFO - 
================================================================================
DAG File Processing Stats

File Path                              PID  Runtime      # DAGs    # Errors  Last Runtime    Last Run               Last # of DB Queries
-----------------------------------  -----  ---------  --------  ----------  --------------  -------------------  ----------------------
/opt/airflow/dags/databricks_dag.py    181  0.01s             1           0  0.18s           2026-04-23T16:00:36                      24
================================================================================
[2026-04-23T16:01:37.433+0000] {manager.py:997} INFO - 
================================================================================
DAG File Processing Stats

File Path                              PID  Runtime      # DAGs    # Errors  Last Runtime    Last Run               Last # of DB Queries
-----------------------------------  -----  ---------  --------  ----------  --------------  -------------------  ----------------------
/opt/airflow/dags/databricks_dag.py    186  0.01s             1           0  0.12s           2026-04-23T16:01:07                      10
================================================================================
[2026-04-23T16:02:08.037+0000] {manager.py:997} INFO - 
================================================================================
DAG File Processing Stats

File Path                              PID  Runtime      # DAGs    # Errors  Last Runtime    Last Run               Last # of DB Queries
-----------------------------------  -----  ---------  --------  ----------  --------------  -------------------  ----------------------
/opt/airflow/dags/databricks_dag.py    191  0.01s             1           0  0.26s           2026-04-23T16:01:37                      10
================================================================================
[2026-04-23T16:02:38.534+0000] {manager.py:997} INFO - 
================================================================================
DAG File Processing Stats

File Path                              PID  Runtime      # DAGs    # Errors  Last Runtime    Last Run               Last # of DB Queries
-----------------------------------  -----  ---------  --------  ----------  --------------  -------------------  ----------------------
/opt/airflow/dags/databricks_dag.py    199  0.01s             1           0  0.21s           2026-04-23T16:02:08                      10
================================================================================
[2026-04-23T16:03:09.279+0000] {manager.py:997} INFO - 
================================================================================
DAG File Processing Stats

File Path                              PID  Runtime      # DAGs    # Errors  Last Runtime    Last Run               Last # of DB Queries
-----------------------------------  -----  ---------  --------  ----------  --------------  -------------------  ----------------------
/opt/airflow/dags/databricks_dag.py    204  0.01s             1           0  0.24s           2026-04-23T16:02:38                      10
================================================================================
[2026-04-23T16:03:39.775+0000] {manager.py:997} INFO - 
================================================================================
DAG File Processing Stats

File Path                              PID  Runtime      # DAGs    # Errors  Last Runtime    Last Run               Last # of DB Queries
-----------------------------------  -----  ---------  --------  ----------  --------------  -------------------  ----------------------
/opt/airflow/dags/databricks_dag.py    209  0.01s             1           0  0.24s           2026-04-23T16:03:09                      10
================================================================================
[2026-04-23T16:04:10.499+0000] {manager.py:997} INFO - 
================================================================================
DAG File Processing Stats

File Path                              PID  Runtime      # DAGs    # Errors  Last Runtime    Last Run               Last # of DB Queries
-----------------------------------  -----  ---------  --------  ----------  --------------  -------------------  ----------------------
/opt/airflow/dags/databricks_dag.py    214  0.00s             1           0  0.25s           2026-04-23T16:03:40                      10
================================================================================
[2026-04-23T16:04:40.956+0000] {manager.py:997} INFO - 
================================================================================
DAG File Processing Stats

File Path                              PID  Runtime      # DAGs    # Errors  Last Runtime    Last Run               Last # of DB Queries
-----------------------------------  -----  ---------  --------  ----------  --------------  -------------------  ----------------------
/opt/airflow/dags/databricks_dag.py    219  0.00s             1           0  0.13s           2026-04-23T16:04:10                      10
================================================================================
[2026-04-23T16:05:11.512+0000] {manager.py:997} INFO - 
================================================================================
DAG File Processing Stats

File Path                              PID  Runtime      # DAGs    # Errors  Last Runtime    Last Run               Last # of DB Queries
-----------------------------------  -----  ---------  --------  ----------  --------------  -------------------  ----------------------
/opt/airflow/dags/databricks_dag.py    224  0.01s             1           0  0.11s           2026-04-23T16:04:41                      10
================================================================================
[2026-04-23T16:05:36.893+0000] {manager.py:821} INFO - Searching for files in /opt/airflow/dags
[2026-04-23T16:05:37.012+0000] {manager.py:824} INFO - There are 1 files in /opt/airflow/dags
[2026-04-23T16:05:42.161+0000] {manager.py:997} INFO - 
================================================================================
DAG File Processing Stats

File Path                              PID  Runtime      # DAGs    # Errors  Last Runtime    Last Run               Last # of DB Queries
-----------------------------------  -----  ---------  --------  ----------  --------------  -------------------  ----------------------
/opt/airflow/dags/databricks_dag.py    229  0.00s             1           0  0.22s           2026-04-23T16:05:11                      10
================================================================================
[2026-04-23T16:06:12.639+0000] {manager.py:997} INFO - 
================================================================================
DAG File Processing Stats

File Path                              PID  Runtime      # DAGs    # Errors  Last Runtime    Last Run               Last # of DB Queries
-----------------------------------  -----  ---------  --------  ----------  --------------  -------------------  ----------------------
/opt/airflow/dags/databricks_dag.py    237  0.00s             1           0  0.20s           2026-04-23T16:05:42                      10
================================================================================
[2026-04-23T16:06:43.359+0000] {manager.py:997} INFO - 
================================================================================
DAG File Processing Stats

File Path                              PID  Runtime      # DAGs    # Errors  Last Runtime    Last Run               Last # of DB Queries
-----------------------------------  -----  ---------  --------  ----------  --------------  -------------------  ----------------------
/opt/airflow/dags/databricks_dag.py    242  0.01s             1           0  0.23s           2026-04-23T16:06:12                      10
================================================================================
[2026-04-23T16:07:13.864+0000] {manager.py:997} INFO - 
================================================================================
DAG File Processing Stats

File Path                              PID  Runtime      # DAGs    # Errors  Last Runtime    Last Run               Last # of DB Queries
-----------------------------------  -----  ---------  --------  ----------  --------------  -------------------  ----------------------
/opt/airflow/dags/databricks_dag.py    247  0.00s             1           0  0.25s           2026-04-23T16:06:43                      10
================================================================================
[2026-04-23T16:07:44.495+0000] {manager.py:997} INFO - 
================================================================================
DAG File Processing Stats

File Path                              PID  Runtime      # DAGs    # Errors  Last Runtime    Last Run               Last # of DB Queries
-----------------------------------  -----  ---------  --------  ----------  --------------  -------------------  ----------------------
/opt/airflow/dags/databricks_dag.py    255  0.00s             1           0  0.25s           2026-04-23T16:07:14                      10
================================================================================
[2026-04-23T16:08:14.954+0000] {manager.py:997} INFO - 
================================================================================
DAG File Processing Stats

File Path                              PID  Runtime      # DAGs    # Errors  Last Runtime    Last Run               Last # of DB Queries
-----------------------------------  -----  ---------  --------  ----------  --------------  -------------------  ----------------------
/opt/airflow/dags/databricks_dag.py    260  0.01s             1           0  0.24s           2026-04-23T16:07:44                      10
================================================================================
[2026-04-23T16:08:45.699+0000] {manager.py:997} INFO - 
================================================================================
DAG File Processing Stats

File Path                              PID  Runtime      # DAGs    # Errors  Last Runtime    Last Run               Last # of DB Queries
-----------------------------------  -----  ---------  --------  ----------  --------------  -------------------  ----------------------
/opt/airflow/dags/databricks_dag.py    265  0.01s             1           0  0.23s           2026-04-23T16:08:15                      10
================================================================================
[2026-04-23T16:09:16.107+0000] {manager.py:997} INFO - 
================================================================================
DAG File Processing Stats

File Path                              PID  Runtime      # DAGs    # Errors  Last Runtime    Last Run               Last # of DB Queries
-----------------------------------  -----  ---------  --------  ----------  --------------  -------------------  ----------------------
/opt/airflow/dags/databricks_dag.py    270  0.00s             1           0  0.17s           2026-04-23T16:08:45                      10
================================================================================
[2026-04-23T16:09:46.460+0000] {manager.py:997} INFO - 
================================================================================
DAG File Processing Stats

File Path                              PID  Runtime      # DAGs    # Errors  Last Runtime    Last Run               Last # of DB Queries
-----------------------------------  -----  ---------  --------  ----------  --------------  -------------------  ----------------------
/opt/airflow/dags/databricks_dag.py    275  0.00s             1           0  0.13s           2026-04-23T16:09:16                      10
================================================================================
[2026-04-23T16:10:17.124+0000] {manager.py:997} INFO - 
================================================================================
DAG File Processing Stats

File Path                              PID  Runtime      # DAGs    # Errors  Last Runtime    Last Run               Last # of DB Queries
-----------------------------------  -----  ---------  --------  ----------  --------------  -------------------  ----------------------
/opt/airflow/dags/databricks_dag.py    280  0.00s             1           0  0.19s           2026-04-23T16:09:46                      10
================================================================================
[2026-04-23T16:10:37.437+0000] {manager.py:821} INFO - Searching for files in /opt/airflow/dags
[2026-04-23T16:10:37.543+0000] {manager.py:824} INFO - There are 1 files in /opt/airflow/dags
[2026-04-23T16:10:47.747+0000] {manager.py:997} INFO - 
================================================================================
DAG File Processing Stats

File Path                              PID  Runtime      # DAGs    # Errors  Last Runtime    Last Run               Last # of DB Queries
-----------------------------------  -----  ---------  --------  ----------  --------------  -------------------  ----------------------
/opt/airflow/dags/databricks_dag.py    288  0.01s             1           0  0.23s           2026-04-23T16:10:17                      10
================================================================================
[2026-04-23T16:11:18.397+0000] {manager.py:997} INFO - 
================================================================================
DAG File Processing Stats

File Path                              PID  Runtime      # DAGs    # Errors  Last Runtime    Last Run               Last # of DB Queries
-----------------------------------  -----  ---------  --------  ----------  --------------  -------------------  ----------------------
/opt/airflow/dags/databricks_dag.py    293  0.01s             1           0  0.21s           2026-04-23T16:10:47                      10
================================================================================
[2026-04-23T16:11:49.000+0000] {manager.py:997} INFO - 
================================================================================
DAG File Processing Stats

File Path                              PID  Runtime      # DAGs    # Errors  Last Runtime    Last Run               Last # of DB Queries
-----------------------------------  -----  ---------  --------  ----------  --------------  -------------------  ----------------------
/opt/airflow/dags/databricks_dag.py    298  0.01s             1           0  0.32s           2026-04-23T16:11:18                      10
================================================================================
[2026-04-23T16:12:19.628+0000] {manager.py:997} INFO - 
================================================================================
DAG File Processing Stats

File Path                              PID  Runtime      # DAGs    # Errors  Last Runtime    Last Run               Last # of DB Queries
-----------------------------------  -----  ---------  --------  ----------  --------------  -------------------  ----------------------
/opt/airflow/dags/databricks_dag.py    303  0.01s             1           0  0.21s           2026-04-23T16:11:49                      10
================================================================================
[2026-04-23T16:12:49.774+0000] {manager.py:997} INFO - 
================================================================================
DAG File Processing Stats

File Path                            PID    Runtime      # DAGs    # Errors  Last Runtime    Last Run               Last # of DB Queries
-----------------------------------  -----  ---------  --------  ----------  --------------  -------------------  ----------------------
/opt/airflow/dags/databricks_dag.py                           1           0  0.26s           2026-04-23T16:12:43                      20
================================================================================
[2026-04-23T16:12:53.428+0000] {manager.py:465} INFO - Exiting gracefully upon receiving signal 15
[2026-04-23T16:13:19.087+0000] {manager.py:483} INFO - Processing files using up to 2 processes at a time 
[2026-04-23T16:13:19.088+0000] {manager.py:484} INFO - Process each file at most once every 30 seconds
[2026-04-23T16:13:19.089+0000] {manager.py:485} INFO - Checking for new files in /opt/airflow/dags every 300 seconds
[2026-04-23T16:13:19.089+0000] {manager.py:821} INFO - Searching for files in /opt/airflow/dags
[2026-04-23T16:13:19.120+0000] {manager.py:824} INFO - There are 1 files in /opt/airflow/dags
[2026-04-23T16:13:19.208+0000] {manager.py:997} INFO - 
================================================================================
DAG File Processing Stats

File Path                              PID  Runtime      # DAGs    # Errors  Last Runtime    Last Run      Last # of DB Queries
-----------------------------------  -----  ---------  --------  ----------  --------------  ----------  ----------------------
/opt/airflow/dags/databricks_dag.py    173  0.03s             0           0                                                   0
================================================================================
[2026-04-23T16:13:49.660+0000] {manager.py:997} INFO - 
================================================================================
DAG File Processing Stats

File Path                              PID  Runtime      # DAGs    # Errors  Last Runtime    Last Run               Last # of DB Queries
-----------------------------------  -----  ---------  --------  ----------  --------------  -------------------  ----------------------
/opt/airflow/dags/databricks_dag.py    178  0.02s             1           0  0.26s           2026-04-23T16:13:19                      24
================================================================================
[2026-04-23T16:14:20.200+0000] {manager.py:997} INFO - 
================================================================================
DAG File Processing Stats

File Path                              PID  Runtime      # DAGs    # Errors  Last Runtime    Last Run               Last # of DB Queries
-----------------------------------  -----  ---------  --------  ----------  --------------  -------------------  ----------------------
/opt/airflow/dags/databricks_dag.py    186  0.01s             1           0  0.23s           2026-04-23T16:13:49                      10
================================================================================
[2026-04-23T16:14:50.733+0000] {manager.py:997} INFO - 
================================================================================
DAG File Processing Stats

File Path                              PID  Runtime      # DAGs    # Errors  Last Runtime    Last Run               Last # of DB Queries
-----------------------------------  -----  ---------  --------  ----------  --------------  -------------------  ----------------------
/opt/airflow/dags/databricks_dag.py    191  0.01s             1           0  0.30s           2026-04-23T16:14:20                      10
================================================================================
[2026-04-23T16:15:21.299+0000] {manager.py:997} INFO - 
================================================================================
DAG File Processing Stats

File Path                            PID    Runtime      # DAGs    # Errors  Last Runtime    Last Run               Last # of DB Queries
-----------------------------------  -----  ---------  --------  ----------  --------------  -------------------  ----------------------
/opt/airflow/dags/databricks_dag.py                           1           0  0.19s           2026-04-23T16:15:19                      20
================================================================================
[2026-04-23T16:15:51.925+0000] {manager.py:997} INFO - 
================================================================================
DAG File Processing Stats

File Path                            PID    Runtime      # DAGs    # Errors  Last Runtime    Last Run               Last # of DB Queries
-----------------------------------  -----  ---------  --------  ----------  --------------  -------------------  ----------------------
/opt/airflow/dags/databricks_dag.py                           1           0  0.36s           2026-04-23T16:15:30                       9
================================================================================
[2026-04-23T16:16:22.573+0000] {manager.py:997} INFO - 
================================================================================
DAG File Processing Stats

File Path                            PID    Runtime      # DAGs    # Errors  Last Runtime    Last Run               Last # of DB Queries
-----------------------------------  -----  ---------  --------  ----------  --------------  -------------------  ----------------------
/opt/airflow/dags/databricks_dag.py                           1           0  0.25s           2026-04-23T16:16:01                      20
================================================================================
[2026-04-23T16:16:53.061+0000] {manager.py:997} INFO - 
================================================================================
DAG File Processing Stats

File Path                            PID    Runtime      # DAGs    # Errors  Last Runtime    Last Run               Last # of DB Queries
-----------------------------------  -----  ---------  --------  ----------  --------------  -------------------  ----------------------
/opt/airflow/dags/databricks_dag.py                           1           0  0.13s           2026-04-23T16:16:31                      10
================================================================================
[2026-04-23T16:17:23.597+0000] {manager.py:997} INFO - 
================================================================================
DAG File Processing Stats

File Path                            PID    Runtime      # DAGs    # Errors  Last Runtime    Last Run               Last # of DB Queries
-----------------------------------  -----  ---------  --------  ----------  --------------  -------------------  ----------------------
/opt/airflow/dags/databricks_dag.py                           1           0  0.16s           2026-04-23T16:17:02                      10
================================================================================
[2026-04-23T16:17:32.603+0000] {manager.py:465} INFO - Exiting gracefully upon receiving signal 15
[2026-04-23T16:18:51.979+0000] {manager.py:483} INFO - Processing files using up to 2 processes at a time 
[2026-04-23T16:18:51.980+0000] {manager.py:484} INFO - Process each file at most once every 30 seconds
[2026-04-23T16:18:51.980+0000] {manager.py:485} INFO - Checking for new files in /opt/airflow/dags every 300 seconds
[2026-04-23T16:18:51.980+0000] {manager.py:821} INFO - Searching for files in /opt/airflow/dags
[2026-04-23T16:18:51.995+0000] {manager.py:824} INFO - There are 1 files in /opt/airflow/dags
[2026-04-23T16:18:52.058+0000] {manager.py:997} INFO - 
================================================================================
DAG File Processing Stats

File Path                              PID  Runtime      # DAGs    # Errors  Last Runtime    Last Run      Last # of DB Queries
-----------------------------------  -----  ---------  --------  ----------  --------------  ----------  ----------------------
/opt/airflow/dags/databricks_dag.py    173  0.02s             0           0                                                   0
================================================================================
[2026-04-23T16:19:22.464+0000] {manager.py:997} INFO - 
================================================================================
DAG File Processing Stats

File Path                              PID  Runtime      # DAGs    # Errors  Last Runtime    Last Run               Last # of DB Queries
-----------------------------------  -----  ---------  --------  ----------  --------------  -------------------  ----------------------
/opt/airflow/dags/databricks_dag.py    178  0.01s             1           0  0.22s           2026-04-23T16:18:52                      24
================================================================================
[2026-04-23T16:19:52.863+0000] {manager.py:997} INFO - 
================================================================================
DAG File Processing Stats

File Path                              PID  Runtime      # DAGs    # Errors  Last Runtime    Last Run               Last # of DB Queries
-----------------------------------  -----  ---------  --------  ----------  --------------  -------------------  ----------------------
/opt/airflow/dags/databricks_dag.py    186  0.01s             1           0  0.16s           2026-04-23T16:19:22                      10
================================================================================
[2026-04-23T16:20:23.563+0000] {manager.py:997} INFO - 
================================================================================
DAG File Processing Stats

File Path                              PID  Runtime      # DAGs    # Errors  Last Runtime    Last Run               Last # of DB Queries
-----------------------------------  -----  ---------  --------  ----------  --------------  -------------------  ----------------------
/opt/airflow/dags/databricks_dag.py    191  0.01s             1           0  0.22s           2026-04-23T16:19:53                      10
================================================================================
[2026-04-23T16:20:54.101+0000] {manager.py:997} INFO - 
================================================================================
DAG File Processing Stats

File Path                              PID  Runtime      # DAGs    # Errors  Last Runtime    Last Run               Last # of DB Queries
-----------------------------------  -----  ---------  --------  ----------  --------------  -------------------  ----------------------
/opt/airflow/dags/databricks_dag.py    196  0.00s             1           0  0.14s           2026-04-23T16:20:23                      10
================================================================================
[2026-04-23T16:21:24.695+0000] {manager.py:997} INFO - 
================================================================================
DAG File Processing Stats

File Path                              PID  Runtime      # DAGs    # Errors  Last Runtime    Last Run               Last # of DB Queries
-----------------------------------  -----  ---------  --------  ----------  --------------  -------------------  ----------------------
/opt/airflow/dags/databricks_dag.py    201  0.00s             1           0  0.25s           2026-04-23T16:20:54                      10
================================================================================
[2026-04-23T16:21:55.408+0000] {manager.py:997} INFO - 
================================================================================
DAG File Processing Stats

File Path                              PID  Runtime      # DAGs    # Errors  Last Runtime    Last Run               Last # of DB Queries
-----------------------------------  -----  ---------  --------  ----------  --------------  -------------------  ----------------------
/opt/airflow/dags/databricks_dag.py    206  0.01s             1           0  0.23s           2026-04-23T16:21:24                      10
================================================================================
[2026-04-23T16:22:25.927+0000] {manager.py:997} INFO - 
================================================================================
DAG File Processing Stats

File Path                              PID  Runtime      # DAGs    # Errors  Last Runtime    Last Run               Last # of DB Queries
-----------------------------------  -----  ---------  --------  ----------  --------------  -------------------  ----------------------
/opt/airflow/dags/databricks_dag.py    211  0.00s             1           0  0.23s           2026-04-23T16:21:55                      10
================================================================================
[2026-04-23T16:22:56.475+0000] {manager.py:997} INFO - 
================================================================================
DAG File Processing Stats

File Path                              PID  Runtime      # DAGs    # Errors  Last Runtime    Last Run               Last # of DB Queries
-----------------------------------  -----  ---------  --------  ----------  --------------  -------------------  ----------------------
/opt/airflow/dags/databricks_dag.py    216  0.00s             1           0  0.20s           2026-04-23T16:22:26                      10
================================================================================
[2026-04-23T16:23:26.990+0000] {manager.py:997} INFO - 
================================================================================
DAG File Processing Stats

File Path                              PID  Runtime      # DAGs    # Errors  Last Runtime    Last Run               Last # of DB Queries
-----------------------------------  -----  ---------  --------  ----------  --------------  -------------------  ----------------------
/opt/airflow/dags/databricks_dag.py    221  0.01s             1           0  0.10s           2026-04-23T16:22:56                      10
================================================================================
[2026-04-23T16:23:52.346+0000] {manager.py:821} INFO - Searching for files in /opt/airflow/dags
[2026-04-23T16:23:52.429+0000] {manager.py:824} INFO - There are 1 files in /opt/airflow/dags
[2026-04-23T16:23:57.552+0000] {manager.py:997} INFO - 
================================================================================
DAG File Processing Stats

File Path                              PID  Runtime      # DAGs    # Errors  Last Runtime    Last Run               Last # of DB Queries
-----------------------------------  -----  ---------  --------  ----------  --------------  -------------------  ----------------------
/opt/airflow/dags/databricks_dag.py    226  0.00s             1           0  0.27s           2026-04-23T16:23:27                      10
================================================================================
[2026-04-23T16:24:28.205+0000] {manager.py:997} INFO - 
================================================================================
DAG File Processing Stats

File Path                              PID  Runtime      # DAGs    # Errors  Last Runtime    Last Run               Last # of DB Queries
-----------------------------------  -----  ---------  --------  ----------  --------------  -------------------  ----------------------
/opt/airflow/dags/databricks_dag.py    231  0.00s             1           0  0.27s           2026-04-23T16:23:57                      10
================================================================================
[2026-04-23T16:24:58.787+0000] {manager.py:997} INFO - 
================================================================================
DAG File Processing Stats

File Path                              PID  Runtime      # DAGs    # Errors  Last Runtime    Last Run               Last # of DB Queries
-----------------------------------  -----  ---------  --------  ----------  --------------  -------------------  ----------------------
/opt/airflow/dags/databricks_dag.py    236  0.00s             1           0  0.23s           2026-04-23T16:24:28                      10
================================================================================
[2026-04-23T16:25:29.369+0000] {manager.py:997} INFO - 
================================================================================
DAG File Processing Stats

File Path                              PID  Runtime      # DAGs    # Errors  Last Runtime    Last Run               Last # of DB Queries
-----------------------------------  -----  ---------  --------  ----------  --------------  -------------------  ----------------------
/opt/airflow/dags/databricks_dag.py    241  0.00s             1           0  0.24s           2026-04-23T16:24:59                      10
================================================================================
[2026-04-23T16:25:59.997+0000] {manager.py:997} INFO - 
================================================================================
DAG File Processing Stats

File Path                              PID  Runtime      # DAGs    # Errors  Last Runtime    Last Run               Last # of DB Queries
-----------------------------------  -----  ---------  --------  ----------  --------------  -------------------  ----------------------
/opt/airflow/dags/databricks_dag.py    246  0.00s             1           0  0.22s           2026-04-23T16:25:29                      10
================================================================================
[2026-04-23T16:26:30.697+0000] {manager.py:997} INFO - 
================================================================================
DAG File Processing Stats

File Path                              PID  Runtime      # DAGs    # Errors  Last Runtime    Last Run               Last # of DB Queries
-----------------------------------  -----  ---------  --------  ----------  --------------  -------------------  ----------------------
/opt/airflow/dags/databricks_dag.py    251  0.01s             1           0  0.27s           2026-04-23T16:26:00                      10
================================================================================
[2026-04-23T16:27:01.147+0000] {manager.py:997} INFO - 
================================================================================
DAG File Processing Stats

File Path                              PID  Runtime      # DAGs    # Errors  Last Runtime    Last Run               Last # of DB Queries
-----------------------------------  -----  ---------  --------  ----------  --------------  -------------------  ----------------------
/opt/airflow/dags/databricks_dag.py    256  0.00s             1           0  0.22s           2026-04-23T16:26:30                      10
================================================================================
[2026-04-23T16:27:31.891+0000] {manager.py:997} INFO - 
================================================================================
DAG File Processing Stats

File Path                              PID  Runtime      # DAGs    # Errors  Last Runtime    Last Run               Last # of DB Queries
-----------------------------------  -----  ---------  --------  ----------  --------------  -------------------  ----------------------
/opt/airflow/dags/databricks_dag.py    261  0.00s             1           0  0.22s           2026-04-23T16:27:01                      10
================================================================================
[2026-04-23T16:28:02.332+0000] {manager.py:997} INFO - 
================================================================================
DAG File Processing Stats

File Path                              PID  Runtime      # DAGs    # Errors  Last Runtime    Last Run               Last # of DB Queries
-----------------------------------  -----  ---------  --------  ----------  --------------  -------------------  ----------------------
/opt/airflow/dags/databricks_dag.py    266  0.00s             1           0  0.13s           2026-04-23T16:27:32                      10
================================================================================
[2026-04-23T16:28:32.802+0000] {manager.py:997} INFO - 
================================================================================
DAG File Processing Stats

File Path                              PID  Runtime      # DAGs    # Errors  Last Runtime    Last Run               Last # of DB Queries
-----------------------------------  -----  ---------  --------  ----------  --------------  -------------------  ----------------------
/opt/airflow/dags/databricks_dag.py    271  0.01s             1           0  0.12s           2026-04-23T16:28:02                      10
================================================================================
[2026-04-23T16:28:53.055+0000] {manager.py:821} INFO - Searching for files in /opt/airflow/dags
[2026-04-23T16:28:53.131+0000] {manager.py:824} INFO - There are 1 files in /opt/airflow/dags
[2026-04-23T16:29:03.293+0000] {manager.py:997} INFO - 
================================================================================
DAG File Processing Stats

File Path                              PID  Runtime      # DAGs    # Errors  Last Runtime    Last Run               Last # of DB Queries
-----------------------------------  -----  ---------  --------  ----------  --------------  -------------------  ----------------------
/opt/airflow/dags/databricks_dag.py    276  0.00s             1           0  0.19s           2026-04-23T16:28:32                      10
================================================================================
[2026-04-23T16:29:33.592+0000] {manager.py:997} INFO - 
================================================================================
DAG File Processing Stats

File Path                              PID  Runtime      # DAGs    # Errors  Last Runtime    Last Run               Last # of DB Queries
-----------------------------------  -----  ---------  --------  ----------  --------------  -------------------  ----------------------
/opt/airflow/dags/databricks_dag.py    281  0.00s             1           0  0.13s           2026-04-23T16:29:03                      10
================================================================================
[2026-04-23T16:30:03.972+0000] {manager.py:997} INFO - 
================================================================================
DAG File Processing Stats

File Path                              PID  Runtime      # DAGs    # Errors  Last Runtime    Last Run               Last # of DB Queries
-----------------------------------  -----  ---------  --------  ----------  --------------  -------------------  ----------------------
/opt/airflow/dags/databricks_dag.py    286  0.02s             1           0  0.16s           2026-04-23T16:29:33                      10
================================================================================
[2026-04-23T16:30:34.610+0000] {manager.py:997} INFO - 
================================================================================
DAG File Processing Stats

File Path                              PID  Runtime      # DAGs    # Errors  Last Runtime    Last Run               Last # of DB Queries
-----------------------------------  -----  ---------  --------  ----------  --------------  -------------------  ----------------------
/opt/airflow/dags/databricks_dag.py    291  0.00s             1           0  0.21s           2026-04-23T16:30:04                      10
================================================================================
[2026-04-23T16:31:05.047+0000] {manager.py:997} INFO - 
================================================================================
DAG File Processing Stats

File Path                              PID  Runtime      # DAGs    # Errors  Last Runtime    Last Run               Last # of DB Queries
-----------------------------------  -----  ---------  --------  ----------  --------------  -------------------  ----------------------
/opt/airflow/dags/databricks_dag.py    296  0.00s             1           0  0.11s           2026-04-23T16:30:34                      10
================================================================================
[2026-04-23T16:31:35.655+0000] {manager.py:997} INFO - 
================================================================================
DAG File Processing Stats

File Path                              PID  Runtime      # DAGs    # Errors  Last Runtime    Last Run               Last # of DB Queries
-----------------------------------  -----  ---------  --------  ----------  --------------  -------------------  ----------------------
/opt/airflow/dags/databricks_dag.py    301  0.01s             1           0  0.19s           2026-04-23T16:31:05                      10
================================================================================
[2026-04-23T16:32:06.365+0000] {manager.py:997} INFO - 
================================================================================
DAG File Processing Stats

File Path                              PID  Runtime      # DAGs    # Errors  Last Runtime    Last Run               Last # of DB Queries
-----------------------------------  -----  ---------  --------  ----------  --------------  -------------------  ----------------------
/opt/airflow/dags/databricks_dag.py    306  0.00s             1           0  0.22s           2026-04-23T16:31:35                      10
================================================================================
[2026-04-23T16:32:36.855+0000] {manager.py:997} INFO - 
================================================================================
DAG File Processing Stats

File Path                              PID  Runtime      # DAGs    # Errors  Last Runtime    Last Run               Last # of DB Queries
-----------------------------------  -----  ---------  --------  ----------  --------------  -------------------  ----------------------
/opt/airflow/dags/databricks_dag.py    311  0.01s             1           0  0.13s           2026-04-23T16:32:06                      10
================================================================================
[2026-04-23T16:33:07.318+0000] {manager.py:997} INFO - 
================================================================================
DAG File Processing Stats

File Path                              PID  Runtime      # DAGs    # Errors  Last Runtime    Last Run               Last # of DB Queries
-----------------------------------  -----  ---------  --------  ----------  --------------  -------------------  ----------------------
/opt/airflow/dags/databricks_dag.py    316  0.00s             1           0  0.23s           2026-04-23T16:32:37                      10
================================================================================
[2026-04-23T16:33:37.838+0000] {manager.py:997} INFO - 
================================================================================
DAG File Processing Stats

File Path                              PID  Runtime      # DAGs    # Errors  Last Runtime    Last Run               Last # of DB Queries
-----------------------------------  -----  ---------  --------  ----------  --------------  -------------------  ----------------------
/opt/airflow/dags/databricks_dag.py    324  0.00s             1           0  0.14s           2026-04-23T16:33:07                      10
================================================================================
[2026-04-23T16:33:53.072+0000] {manager.py:821} INFO - Searching for files in /opt/airflow/dags
[2026-04-23T16:33:53.207+0000] {manager.py:824} INFO - There are 1 files in /opt/airflow/dags
[2026-04-23T16:34:08.437+0000] {manager.py:997} INFO - 
================================================================================
DAG File Processing Stats

File Path                              PID  Runtime      # DAGs    # Errors  Last Runtime    Last Run               Last # of DB Queries
-----------------------------------  -----  ---------  --------  ----------  --------------  -------------------  ----------------------
/opt/airflow/dags/databricks_dag.py    329  0.00s             1           0  0.24s           2026-04-23T16:33:38                      10
================================================================================
[2026-04-23T16:34:39.030+0000] {manager.py:997} INFO - 
================================================================================
DAG File Processing Stats

File Path                              PID  Runtime      # DAGs    # Errors  Last Runtime    Last Run               Last # of DB Queries
-----------------------------------  -----  ---------  --------  ----------  --------------  -------------------  ----------------------
/opt/airflow/dags/databricks_dag.py    334  0.00s             1           0  0.13s           2026-04-23T16:34:08                      10
================================================================================
[2026-04-23T16:35:09.542+0000] {manager.py:997} INFO - 
================================================================================
DAG File Processing Stats

File Path                              PID  Runtime      # DAGs    # Errors  Last Runtime    Last Run               Last # of DB Queries
-----------------------------------  -----  ---------  --------  ----------  --------------  -------------------  ----------------------
/opt/airflow/dags/databricks_dag.py    339  0.00s             1           0  0.23s           2026-04-23T16:34:39                      10
================================================================================
[2026-04-23T16:35:40.151+0000] {manager.py:997} INFO - 
================================================================================
DAG File Processing Stats

File Path                              PID  Runtime      # DAGs    # Errors  Last Runtime    Last Run               Last # of DB Queries
-----------------------------------  -----  ---------  --------  ----------  --------------  -------------------  ----------------------
/opt/airflow/dags/databricks_dag.py    344  0.01s             1           0  0.19s           2026-04-23T16:35:09                      10
================================================================================
[2026-04-23T16:36:10.748+0000] {manager.py:997} INFO - 
================================================================================
DAG File Processing Stats

File Path                              PID  Runtime      # DAGs    # Errors  Last Runtime    Last Run               Last # of DB Queries
-----------------------------------  -----  ---------  --------  ----------  --------------  -------------------  ----------------------
/opt/airflow/dags/databricks_dag.py    349  0.01s             1           0  0.14s           2026-04-23T16:35:40                      10
================================================================================
[2026-04-23T16:36:41.305+0000] {manager.py:997} INFO - 
================================================================================
DAG File Processing Stats

File Path                              PID  Runtime      # DAGs    # Errors  Last Runtime    Last Run               Last # of DB Queries
-----------------------------------  -----  ---------  --------  ----------  --------------  -------------------  ----------------------
/opt/airflow/dags/databricks_dag.py    354  0.00s             1           0  0.22s           2026-04-23T16:36:10                      10
================================================================================
[2026-04-23T16:37:11.909+0000] {manager.py:997} INFO - 
================================================================================
DAG File Processing Stats

File Path                              PID  Runtime      # DAGs    # Errors  Last Runtime    Last Run               Last # of DB Queries
-----------------------------------  -----  ---------  --------  ----------  --------------  -------------------  ----------------------
/opt/airflow/dags/databricks_dag.py    359  0.00s             1           0  0.23s           2026-04-23T16:36:41                      10
================================================================================
[2026-04-23T16:37:26.497+0000] {manager.py:465} INFO - Exiting gracefully upon receiving signal 15
