[2026-04-23T15:09:32.654+0000] {processor.py:186} INFO - Started process (PID=173) to work on /opt/airflow/dags/databricks_dag.py
[2026-04-23T15:09:32.655+0000] {processor.py:914} INFO - Processing file /opt/airflow/dags/databricks_dag.py for tasks to queue
[2026-04-23T15:09:32.657+0000] {logging_mixin.py:190} INFO - [2026-04-23T15:09:32.657+0000] {dagbag.py:587} INFO - Filling up the DagBag from /opt/airflow/dags/databricks_dag.py
[2026-04-23T15:09:32.694+0000] {processor.py:925} INFO - DAG(s) 'trigger_databricks_job' retrieved from /opt/airflow/dags/databricks_dag.py
[2026-04-23T15:09:32.802+0000] {logging_mixin.py:190} INFO - [2026-04-23T15:09:32.801+0000] {override.py:1858} INFO - Created Permission View: can read on DAG:trigger_databricks_job
[2026-04-23T15:09:32.810+0000] {logging_mixin.py:190} INFO - [2026-04-23T15:09:32.810+0000] {override.py:1858} INFO - Created Permission View: can delete on DAG:trigger_databricks_job
[2026-04-23T15:09:32.816+0000] {logging_mixin.py:190} INFO - [2026-04-23T15:09:32.815+0000] {override.py:1858} INFO - Created Permission View: can edit on DAG:trigger_databricks_job
[2026-04-23T15:09:32.816+0000] {logging_mixin.py:190} INFO - [2026-04-23T15:09:32.816+0000] {dag.py:3211} INFO - Sync 1 DAGs
[2026-04-23T15:09:32.829+0000] {logging_mixin.py:190} INFO - [2026-04-23T15:09:32.828+0000] {dag.py:3234} INFO - Creating ORM DAG for trigger_databricks_job
[2026-04-23T15:09:32.830+0000] {logging_mixin.py:190} INFO - [2026-04-23T15:09:32.830+0000] {dag.py:4138} INFO - Setting next_dagrun for trigger_databricks_job to None, run_after=None
[2026-04-23T15:09:32.845+0000] {processor.py:208} INFO - Processing /opt/airflow/dags/databricks_dag.py took 0.197 seconds
[2026-04-23T15:10:02.983+0000] {processor.py:186} INFO - Started process (PID=178) to work on /opt/airflow/dags/databricks_dag.py
[2026-04-23T15:10:02.984+0000] {processor.py:914} INFO - Processing file /opt/airflow/dags/databricks_dag.py for tasks to queue
[2026-04-23T15:10:02.987+0000] {logging_mixin.py:190} INFO - [2026-04-23T15:10:02.986+0000] {dagbag.py:587} INFO - Filling up the DagBag from /opt/airflow/dags/databricks_dag.py
[2026-04-23T15:10:03.007+0000] {processor.py:925} INFO - DAG(s) 'trigger_databricks_job' retrieved from /opt/airflow/dags/databricks_dag.py
[2026-04-23T15:10:03.034+0000] {logging_mixin.py:190} INFO - [2026-04-23T15:10:03.034+0000] {dag.py:3211} INFO - Sync 1 DAGs
[2026-04-23T15:10:03.051+0000] {logging_mixin.py:190} INFO - [2026-04-23T15:10:03.051+0000] {dag.py:4138} INFO - Setting next_dagrun for trigger_databricks_job to None, run_after=None
[2026-04-23T15:10:03.083+0000] {processor.py:208} INFO - Processing /opt/airflow/dags/databricks_dag.py took 0.105 seconds
[2026-04-23T15:10:33.420+0000] {processor.py:186} INFO - Started process (PID=186) to work on /opt/airflow/dags/databricks_dag.py
[2026-04-23T15:10:33.421+0000] {processor.py:914} INFO - Processing file /opt/airflow/dags/databricks_dag.py for tasks to queue
[2026-04-23T15:10:33.424+0000] {logging_mixin.py:190} INFO - [2026-04-23T15:10:33.424+0000] {dagbag.py:587} INFO - Filling up the DagBag from /opt/airflow/dags/databricks_dag.py
[2026-04-23T15:10:33.448+0000] {processor.py:925} INFO - DAG(s) 'trigger_databricks_job' retrieved from /opt/airflow/dags/databricks_dag.py
[2026-04-23T15:10:33.478+0000] {logging_mixin.py:190} INFO - [2026-04-23T15:10:33.477+0000] {dag.py:3211} INFO - Sync 1 DAGs
[2026-04-23T15:10:33.492+0000] {logging_mixin.py:190} INFO - [2026-04-23T15:10:33.492+0000] {dag.py:4138} INFO - Setting next_dagrun for trigger_databricks_job to None, run_after=None
[2026-04-23T15:10:33.516+0000] {processor.py:208} INFO - Processing /opt/airflow/dags/databricks_dag.py took 0.104 seconds
[2026-04-23T15:11:03.889+0000] {processor.py:186} INFO - Started process (PID=191) to work on /opt/airflow/dags/databricks_dag.py
[2026-04-23T15:11:03.891+0000] {processor.py:914} INFO - Processing file /opt/airflow/dags/databricks_dag.py for tasks to queue
[2026-04-23T15:11:03.893+0000] {logging_mixin.py:190} INFO - [2026-04-23T15:11:03.893+0000] {dagbag.py:587} INFO - Filling up the DagBag from /opt/airflow/dags/databricks_dag.py
[2026-04-23T15:11:03.937+0000] {processor.py:925} INFO - DAG(s) 'trigger_databricks_job' retrieved from /opt/airflow/dags/databricks_dag.py
[2026-04-23T15:11:03.967+0000] {logging_mixin.py:190} INFO - [2026-04-23T15:11:03.966+0000] {dag.py:3211} INFO - Sync 1 DAGs
[2026-04-23T15:11:03.993+0000] {logging_mixin.py:190} INFO - [2026-04-23T15:11:03.993+0000] {dag.py:4138} INFO - Setting next_dagrun for trigger_databricks_job to None, run_after=None
[2026-04-23T15:11:04.013+0000] {processor.py:208} INFO - Processing /opt/airflow/dags/databricks_dag.py took 0.130 seconds
[2026-04-23T15:11:34.424+0000] {processor.py:186} INFO - Started process (PID=196) to work on /opt/airflow/dags/databricks_dag.py
[2026-04-23T15:11:34.426+0000] {processor.py:914} INFO - Processing file /opt/airflow/dags/databricks_dag.py for tasks to queue
[2026-04-23T15:11:34.430+0000] {logging_mixin.py:190} INFO - [2026-04-23T15:11:34.429+0000] {dagbag.py:587} INFO - Filling up the DagBag from /opt/airflow/dags/databricks_dag.py
[2026-04-23T15:11:34.455+0000] {processor.py:925} INFO - DAG(s) 'trigger_databricks_job' retrieved from /opt/airflow/dags/databricks_dag.py
[2026-04-23T15:11:34.488+0000] {logging_mixin.py:190} INFO - [2026-04-23T15:11:34.488+0000] {dag.py:3211} INFO - Sync 1 DAGs
[2026-04-23T15:11:34.508+0000] {logging_mixin.py:190} INFO - [2026-04-23T15:11:34.507+0000] {dag.py:4138} INFO - Setting next_dagrun for trigger_databricks_job to None, run_after=None
[2026-04-23T15:11:34.529+0000] {processor.py:208} INFO - Processing /opt/airflow/dags/databricks_dag.py took 0.111 seconds
[2026-04-23T15:12:04.854+0000] {processor.py:186} INFO - Started process (PID=201) to work on /opt/airflow/dags/databricks_dag.py
[2026-04-23T15:12:04.857+0000] {processor.py:914} INFO - Processing file /opt/airflow/dags/databricks_dag.py for tasks to queue
[2026-04-23T15:12:04.861+0000] {logging_mixin.py:190} INFO - [2026-04-23T15:12:04.861+0000] {dagbag.py:587} INFO - Filling up the DagBag from /opt/airflow/dags/databricks_dag.py
[2026-04-23T15:12:04.917+0000] {processor.py:925} INFO - DAG(s) 'trigger_databricks_job' retrieved from /opt/airflow/dags/databricks_dag.py
[2026-04-23T15:12:04.956+0000] {logging_mixin.py:190} INFO - [2026-04-23T15:12:04.956+0000] {dag.py:3211} INFO - Sync 1 DAGs
[2026-04-23T15:12:04.973+0000] {logging_mixin.py:190} INFO - [2026-04-23T15:12:04.973+0000] {dag.py:4138} INFO - Setting next_dagrun for trigger_databricks_job to None, run_after=None
[2026-04-23T15:12:05.019+0000] {processor.py:208} INFO - Processing /opt/airflow/dags/databricks_dag.py took 0.171 seconds
[2026-04-23T15:12:35.412+0000] {processor.py:186} INFO - Started process (PID=206) to work on /opt/airflow/dags/databricks_dag.py
[2026-04-23T15:12:35.414+0000] {processor.py:914} INFO - Processing file /opt/airflow/dags/databricks_dag.py for tasks to queue
[2026-04-23T15:12:35.418+0000] {logging_mixin.py:190} INFO - [2026-04-23T15:12:35.417+0000] {dagbag.py:587} INFO - Filling up the DagBag from /opt/airflow/dags/databricks_dag.py
[2026-04-23T15:12:35.464+0000] {processor.py:925} INFO - DAG(s) 'trigger_databricks_job' retrieved from /opt/airflow/dags/databricks_dag.py
[2026-04-23T15:12:35.496+0000] {logging_mixin.py:190} INFO - [2026-04-23T15:12:35.496+0000] {dag.py:3211} INFO - Sync 1 DAGs
[2026-04-23T15:12:35.510+0000] {logging_mixin.py:190} INFO - [2026-04-23T15:12:35.510+0000] {dag.py:4138} INFO - Setting next_dagrun for trigger_databricks_job to None, run_after=None
[2026-04-23T15:12:35.538+0000] {processor.py:208} INFO - Processing /opt/airflow/dags/databricks_dag.py took 0.136 seconds
[2026-04-23T15:13:05.969+0000] {processor.py:186} INFO - Started process (PID=211) to work on /opt/airflow/dags/databricks_dag.py
[2026-04-23T15:13:05.971+0000] {processor.py:914} INFO - Processing file /opt/airflow/dags/databricks_dag.py for tasks to queue
[2026-04-23T15:13:05.975+0000] {logging_mixin.py:190} INFO - [2026-04-23T15:13:05.975+0000] {dagbag.py:587} INFO - Filling up the DagBag from /opt/airflow/dags/databricks_dag.py
[2026-04-23T15:13:06.033+0000] {processor.py:925} INFO - DAG(s) 'trigger_databricks_job' retrieved from /opt/airflow/dags/databricks_dag.py
[2026-04-23T15:13:06.072+0000] {logging_mixin.py:190} INFO - [2026-04-23T15:13:06.072+0000] {dag.py:3211} INFO - Sync 1 DAGs
[2026-04-23T15:13:06.117+0000] {logging_mixin.py:190} INFO - [2026-04-23T15:13:06.117+0000] {dag.py:4138} INFO - Setting next_dagrun for trigger_databricks_job to None, run_after=None
[2026-04-23T15:13:06.144+0000] {processor.py:208} INFO - Processing /opt/airflow/dags/databricks_dag.py took 0.182 seconds
[2026-04-23T15:13:36.467+0000] {processor.py:186} INFO - Started process (PID=216) to work on /opt/airflow/dags/databricks_dag.py
[2026-04-23T15:13:36.469+0000] {processor.py:914} INFO - Processing file /opt/airflow/dags/databricks_dag.py for tasks to queue
[2026-04-23T15:13:36.472+0000] {logging_mixin.py:190} INFO - [2026-04-23T15:13:36.472+0000] {dagbag.py:587} INFO - Filling up the DagBag from /opt/airflow/dags/databricks_dag.py
[2026-04-23T15:13:36.544+0000] {processor.py:925} INFO - DAG(s) 'trigger_databricks_job' retrieved from /opt/airflow/dags/databricks_dag.py
[2026-04-23T15:13:36.593+0000] {logging_mixin.py:190} INFO - [2026-04-23T15:13:36.593+0000] {dag.py:3211} INFO - Sync 1 DAGs
[2026-04-23T15:13:36.606+0000] {logging_mixin.py:190} INFO - [2026-04-23T15:13:36.606+0000] {dag.py:4138} INFO - Setting next_dagrun for trigger_databricks_job to None, run_after=None
[2026-04-23T15:13:36.628+0000] {processor.py:208} INFO - Processing /opt/airflow/dags/databricks_dag.py took 0.167 seconds
[2026-04-23T15:14:06.993+0000] {processor.py:186} INFO - Started process (PID=221) to work on /opt/airflow/dags/databricks_dag.py
[2026-04-23T15:14:06.994+0000] {processor.py:914} INFO - Processing file /opt/airflow/dags/databricks_dag.py for tasks to queue
[2026-04-23T15:14:06.997+0000] {logging_mixin.py:190} INFO - [2026-04-23T15:14:06.997+0000] {dagbag.py:587} INFO - Filling up the DagBag from /opt/airflow/dags/databricks_dag.py
[2026-04-23T15:14:07.023+0000] {processor.py:925} INFO - DAG(s) 'trigger_databricks_job' retrieved from /opt/airflow/dags/databricks_dag.py
[2026-04-23T15:14:07.050+0000] {logging_mixin.py:190} INFO - [2026-04-23T15:14:07.050+0000] {dag.py:3211} INFO - Sync 1 DAGs
[2026-04-23T15:14:07.068+0000] {logging_mixin.py:190} INFO - [2026-04-23T15:14:07.067+0000] {dag.py:4138} INFO - Setting next_dagrun for trigger_databricks_job to None, run_after=None
[2026-04-23T15:14:07.095+0000] {processor.py:208} INFO - Processing /opt/airflow/dags/databricks_dag.py took 0.109 seconds
[2026-04-23T15:14:37.472+0000] {processor.py:186} INFO - Started process (PID=227) to work on /opt/airflow/dags/databricks_dag.py
[2026-04-23T15:14:37.473+0000] {processor.py:914} INFO - Processing file /opt/airflow/dags/databricks_dag.py for tasks to queue
[2026-04-23T15:14:37.475+0000] {logging_mixin.py:190} INFO - [2026-04-23T15:14:37.475+0000] {dagbag.py:587} INFO - Filling up the DagBag from /opt/airflow/dags/databricks_dag.py
[2026-04-23T15:14:37.491+0000] {processor.py:925} INFO - DAG(s) 'trigger_databricks_job' retrieved from /opt/airflow/dags/databricks_dag.py
[2026-04-23T15:14:37.512+0000] {logging_mixin.py:190} INFO - [2026-04-23T15:14:37.512+0000] {dag.py:3211} INFO - Sync 1 DAGs
[2026-04-23T15:14:37.526+0000] {logging_mixin.py:190} INFO - [2026-04-23T15:14:37.526+0000] {dag.py:4138} INFO - Setting next_dagrun for trigger_databricks_job to None, run_after=None
[2026-04-23T15:14:37.544+0000] {processor.py:208} INFO - Processing /opt/airflow/dags/databricks_dag.py took 0.076 seconds
[2026-04-23T15:15:08.052+0000] {processor.py:186} INFO - Started process (PID=234) to work on /opt/airflow/dags/databricks_dag.py
[2026-04-23T15:15:08.053+0000] {processor.py:914} INFO - Processing file /opt/airflow/dags/databricks_dag.py for tasks to queue
[2026-04-23T15:15:08.056+0000] {logging_mixin.py:190} INFO - [2026-04-23T15:15:08.056+0000] {dagbag.py:587} INFO - Filling up the DagBag from /opt/airflow/dags/databricks_dag.py
[2026-04-23T15:15:08.098+0000] {processor.py:925} INFO - DAG(s) 'trigger_databricks_job' retrieved from /opt/airflow/dags/databricks_dag.py
[2026-04-23T15:15:08.121+0000] {logging_mixin.py:190} INFO - [2026-04-23T15:15:08.120+0000] {dag.py:3211} INFO - Sync 1 DAGs
[2026-04-23T15:15:08.131+0000] {logging_mixin.py:190} INFO - [2026-04-23T15:15:08.131+0000] {dag.py:4138} INFO - Setting next_dagrun for trigger_databricks_job to None, run_after=None
[2026-04-23T15:15:08.158+0000] {processor.py:208} INFO - Processing /opt/airflow/dags/databricks_dag.py took 0.112 seconds
[2026-04-23T15:15:38.496+0000] {processor.py:186} INFO - Started process (PID=303) to work on /opt/airflow/dags/databricks_dag.py
[2026-04-23T15:15:38.498+0000] {processor.py:914} INFO - Processing file /opt/airflow/dags/databricks_dag.py for tasks to queue
[2026-04-23T15:15:38.501+0000] {logging_mixin.py:190} INFO - [2026-04-23T15:15:38.501+0000] {dagbag.py:587} INFO - Filling up the DagBag from /opt/airflow/dags/databricks_dag.py
[2026-04-23T15:15:38.521+0000] {processor.py:925} INFO - DAG(s) 'trigger_databricks_job' retrieved from /opt/airflow/dags/databricks_dag.py
[2026-04-23T15:15:38.544+0000] {logging_mixin.py:190} INFO - [2026-04-23T15:15:38.544+0000] {dag.py:3211} INFO - Sync 1 DAGs
[2026-04-23T15:15:38.556+0000] {logging_mixin.py:190} INFO - [2026-04-23T15:15:38.556+0000] {dag.py:4138} INFO - Setting next_dagrun for trigger_databricks_job to None, run_after=None
[2026-04-23T15:15:38.583+0000] {processor.py:208} INFO - Processing /opt/airflow/dags/databricks_dag.py took 0.092 seconds
[2026-04-23T15:16:02.266+0000] {processor.py:186} INFO - Started process (PID=173) to work on /opt/airflow/dags/databricks_dag.py
[2026-04-23T15:16:02.267+0000] {processor.py:914} INFO - Processing file /opt/airflow/dags/databricks_dag.py for tasks to queue
[2026-04-23T15:16:02.269+0000] {logging_mixin.py:190} INFO - [2026-04-23T15:16:02.269+0000] {dagbag.py:587} INFO - Filling up the DagBag from /opt/airflow/dags/databricks_dag.py
[2026-04-23T15:16:02.295+0000] {processor.py:925} INFO - DAG(s) 'trigger_databricks_job' retrieved from /opt/airflow/dags/databricks_dag.py
[2026-04-23T15:16:02.389+0000] {logging_mixin.py:190} INFO - [2026-04-23T15:16:02.388+0000] {override.py:1858} INFO - Created Permission View: can read on DAG:trigger_databricks_job
[2026-04-23T15:16:02.396+0000] {logging_mixin.py:190} INFO - [2026-04-23T15:16:02.395+0000] {override.py:1858} INFO - Created Permission View: can edit on DAG:trigger_databricks_job
[2026-04-23T15:16:02.400+0000] {logging_mixin.py:190} INFO - [2026-04-23T15:16:02.400+0000] {override.py:1858} INFO - Created Permission View: can delete on DAG:trigger_databricks_job
[2026-04-23T15:16:02.401+0000] {logging_mixin.py:190} INFO - [2026-04-23T15:16:02.401+0000] {dag.py:3211} INFO - Sync 1 DAGs
[2026-04-23T15:16:02.410+0000] {logging_mixin.py:190} INFO - [2026-04-23T15:16:02.410+0000] {dag.py:3234} INFO - Creating ORM DAG for trigger_databricks_job
[2026-04-23T15:16:02.411+0000] {logging_mixin.py:190} INFO - [2026-04-23T15:16:02.411+0000] {dag.py:4138} INFO - Setting next_dagrun for trigger_databricks_job to None, run_after=None
[2026-04-23T15:16:02.425+0000] {processor.py:208} INFO - Processing /opt/airflow/dags/databricks_dag.py took 0.164 seconds
[2026-04-23T15:16:32.655+0000] {processor.py:186} INFO - Started process (PID=178) to work on /opt/airflow/dags/databricks_dag.py
[2026-04-23T15:16:32.656+0000] {processor.py:914} INFO - Processing file /opt/airflow/dags/databricks_dag.py for tasks to queue
[2026-04-23T15:16:32.660+0000] {logging_mixin.py:190} INFO - [2026-04-23T15:16:32.660+0000] {dagbag.py:587} INFO - Filling up the DagBag from /opt/airflow/dags/databricks_dag.py
[2026-04-23T15:16:32.693+0000] {processor.py:925} INFO - DAG(s) 'trigger_databricks_job' retrieved from /opt/airflow/dags/databricks_dag.py
[2026-04-23T15:16:32.719+0000] {logging_mixin.py:190} INFO - [2026-04-23T15:16:32.719+0000] {dag.py:3211} INFO - Sync 1 DAGs
[2026-04-23T15:16:32.731+0000] {logging_mixin.py:190} INFO - [2026-04-23T15:16:32.731+0000] {dag.py:4138} INFO - Setting next_dagrun for trigger_databricks_job to None, run_after=None
[2026-04-23T15:16:32.749+0000] {processor.py:208} INFO - Processing /opt/airflow/dags/databricks_dag.py took 0.100 seconds
[2026-04-23T15:17:03.152+0000] {processor.py:186} INFO - Started process (PID=183) to work on /opt/airflow/dags/databricks_dag.py
[2026-04-23T15:17:03.154+0000] {processor.py:914} INFO - Processing file /opt/airflow/dags/databricks_dag.py for tasks to queue
[2026-04-23T15:17:03.159+0000] {logging_mixin.py:190} INFO - [2026-04-23T15:17:03.159+0000] {dagbag.py:587} INFO - Filling up the DagBag from /opt/airflow/dags/databricks_dag.py
[2026-04-23T15:17:03.221+0000] {processor.py:925} INFO - DAG(s) 'trigger_databricks_job' retrieved from /opt/airflow/dags/databricks_dag.py
[2026-04-23T15:17:03.261+0000] {logging_mixin.py:190} INFO - [2026-04-23T15:17:03.260+0000] {dag.py:3211} INFO - Sync 1 DAGs
[2026-04-23T15:17:03.274+0000] {logging_mixin.py:190} INFO - [2026-04-23T15:17:03.274+0000] {dag.py:4138} INFO - Setting next_dagrun for trigger_databricks_job to None, run_after=None
[2026-04-23T15:17:03.299+0000] {processor.py:208} INFO - Processing /opt/airflow/dags/databricks_dag.py took 0.154 seconds
[2026-04-23T15:17:33.701+0000] {processor.py:186} INFO - Started process (PID=188) to work on /opt/airflow/dags/databricks_dag.py
[2026-04-23T15:17:33.704+0000] {processor.py:914} INFO - Processing file /opt/airflow/dags/databricks_dag.py for tasks to queue
[2026-04-23T15:17:33.708+0000] {logging_mixin.py:190} INFO - [2026-04-23T15:17:33.708+0000] {dagbag.py:587} INFO - Filling up the DagBag from /opt/airflow/dags/databricks_dag.py
[2026-04-23T15:17:33.756+0000] {processor.py:925} INFO - DAG(s) 'trigger_databricks_job' retrieved from /opt/airflow/dags/databricks_dag.py
[2026-04-23T15:17:33.798+0000] {logging_mixin.py:190} INFO - [2026-04-23T15:17:33.798+0000] {dag.py:3211} INFO - Sync 1 DAGs
[2026-04-23T15:17:33.811+0000] {logging_mixin.py:190} INFO - [2026-04-23T15:17:33.811+0000] {dag.py:4138} INFO - Setting next_dagrun for trigger_databricks_job to None, run_after=None
[2026-04-23T15:17:33.859+0000] {processor.py:208} INFO - Processing /opt/airflow/dags/databricks_dag.py took 0.164 seconds
[2026-04-23T15:18:04.201+0000] {processor.py:186} INFO - Started process (PID=196) to work on /opt/airflow/dags/databricks_dag.py
[2026-04-23T15:18:04.202+0000] {processor.py:914} INFO - Processing file /opt/airflow/dags/databricks_dag.py for tasks to queue
[2026-04-23T15:18:04.206+0000] {logging_mixin.py:190} INFO - [2026-04-23T15:18:04.205+0000] {dagbag.py:587} INFO - Filling up the DagBag from /opt/airflow/dags/databricks_dag.py
[2026-04-23T15:18:04.232+0000] {processor.py:925} INFO - DAG(s) 'trigger_databricks_job' retrieved from /opt/airflow/dags/databricks_dag.py
[2026-04-23T15:18:04.260+0000] {logging_mixin.py:190} INFO - [2026-04-23T15:18:04.260+0000] {dag.py:3211} INFO - Sync 1 DAGs
[2026-04-23T15:18:04.273+0000] {logging_mixin.py:190} INFO - [2026-04-23T15:18:04.273+0000] {dag.py:4138} INFO - Setting next_dagrun for trigger_databricks_job to None, run_after=None
[2026-04-23T15:18:04.300+0000] {processor.py:208} INFO - Processing /opt/airflow/dags/databricks_dag.py took 0.106 seconds
[2026-04-23T15:18:34.743+0000] {processor.py:186} INFO - Started process (PID=201) to work on /opt/airflow/dags/databricks_dag.py
[2026-04-23T15:18:34.744+0000] {processor.py:914} INFO - Processing file /opt/airflow/dags/databricks_dag.py for tasks to queue
[2026-04-23T15:18:34.748+0000] {logging_mixin.py:190} INFO - [2026-04-23T15:18:34.748+0000] {dagbag.py:587} INFO - Filling up the DagBag from /opt/airflow/dags/databricks_dag.py
[2026-04-23T15:18:34.798+0000] {processor.py:925} INFO - DAG(s) 'trigger_databricks_job' retrieved from /opt/airflow/dags/databricks_dag.py
[2026-04-23T15:18:34.837+0000] {logging_mixin.py:190} INFO - [2026-04-23T15:18:34.837+0000] {dag.py:3211} INFO - Sync 1 DAGs
[2026-04-23T15:18:34.859+0000] {logging_mixin.py:190} INFO - [2026-04-23T15:18:34.859+0000] {dag.py:4138} INFO - Setting next_dagrun for trigger_databricks_job to None, run_after=None
[2026-04-23T15:18:34.903+0000] {processor.py:208} INFO - Processing /opt/airflow/dags/databricks_dag.py took 0.166 seconds
[2026-04-23T15:19:05.270+0000] {processor.py:186} INFO - Started process (PID=206) to work on /opt/airflow/dags/databricks_dag.py
[2026-04-23T15:19:05.272+0000] {processor.py:914} INFO - Processing file /opt/airflow/dags/databricks_dag.py for tasks to queue
[2026-04-23T15:19:05.276+0000] {logging_mixin.py:190} INFO - [2026-04-23T15:19:05.275+0000] {dagbag.py:587} INFO - Filling up the DagBag from /opt/airflow/dags/databricks_dag.py
[2026-04-23T15:19:05.330+0000] {processor.py:925} INFO - DAG(s) 'trigger_databricks_job' retrieved from /opt/airflow/dags/databricks_dag.py
[2026-04-23T15:19:05.363+0000] {logging_mixin.py:190} INFO - [2026-04-23T15:19:05.363+0000] {dag.py:3211} INFO - Sync 1 DAGs
[2026-04-23T15:19:05.377+0000] {logging_mixin.py:190} INFO - [2026-04-23T15:19:05.377+0000] {dag.py:4138} INFO - Setting next_dagrun for trigger_databricks_job to None, run_after=None
[2026-04-23T15:19:05.401+0000] {processor.py:208} INFO - Processing /opt/airflow/dags/databricks_dag.py took 0.137 seconds
[2026-04-23T15:19:35.749+0000] {processor.py:186} INFO - Started process (PID=211) to work on /opt/airflow/dags/databricks_dag.py
[2026-04-23T15:19:35.751+0000] {processor.py:914} INFO - Processing file /opt/airflow/dags/databricks_dag.py for tasks to queue
[2026-04-23T15:19:35.758+0000] {logging_mixin.py:190} INFO - [2026-04-23T15:19:35.757+0000] {dagbag.py:587} INFO - Filling up the DagBag from /opt/airflow/dags/databricks_dag.py
[2026-04-23T15:19:35.799+0000] {processor.py:925} INFO - DAG(s) 'trigger_databricks_job' retrieved from /opt/airflow/dags/databricks_dag.py
[2026-04-23T15:19:35.829+0000] {logging_mixin.py:190} INFO - [2026-04-23T15:19:35.828+0000] {dag.py:3211} INFO - Sync 1 DAGs
[2026-04-23T15:19:35.843+0000] {logging_mixin.py:190} INFO - [2026-04-23T15:19:35.843+0000] {dag.py:4138} INFO - Setting next_dagrun for trigger_databricks_job to None, run_after=None
[2026-04-23T15:19:35.866+0000] {processor.py:208} INFO - Processing /opt/airflow/dags/databricks_dag.py took 0.125 seconds
[2026-04-23T15:20:06.362+0000] {processor.py:186} INFO - Started process (PID=216) to work on /opt/airflow/dags/databricks_dag.py
[2026-04-23T15:20:06.364+0000] {processor.py:914} INFO - Processing file /opt/airflow/dags/databricks_dag.py for tasks to queue
[2026-04-23T15:20:06.367+0000] {logging_mixin.py:190} INFO - [2026-04-23T15:20:06.366+0000] {dagbag.py:587} INFO - Filling up the DagBag from /opt/airflow/dags/databricks_dag.py
[2026-04-23T15:20:06.436+0000] {processor.py:925} INFO - DAG(s) 'trigger_databricks_job' retrieved from /opt/airflow/dags/databricks_dag.py
[2026-04-23T15:20:06.478+0000] {logging_mixin.py:190} INFO - [2026-04-23T15:20:06.478+0000] {dag.py:3211} INFO - Sync 1 DAGs
[2026-04-23T15:20:06.492+0000] {logging_mixin.py:190} INFO - [2026-04-23T15:20:06.492+0000] {dag.py:4138} INFO - Setting next_dagrun for trigger_databricks_job to None, run_after=None
[2026-04-23T15:20:06.515+0000] {processor.py:208} INFO - Processing /opt/airflow/dags/databricks_dag.py took 0.160 seconds
[2026-04-23T15:20:36.909+0000] {processor.py:186} INFO - Started process (PID=221) to work on /opt/airflow/dags/databricks_dag.py
[2026-04-23T15:20:36.912+0000] {processor.py:914} INFO - Processing file /opt/airflow/dags/databricks_dag.py for tasks to queue
[2026-04-23T15:20:36.917+0000] {logging_mixin.py:190} INFO - [2026-04-23T15:20:36.916+0000] {dagbag.py:587} INFO - Filling up the DagBag from /opt/airflow/dags/databricks_dag.py
[2026-04-23T15:20:36.965+0000] {processor.py:925} INFO - DAG(s) 'trigger_databricks_job' retrieved from /opt/airflow/dags/databricks_dag.py
[2026-04-23T15:20:37.001+0000] {logging_mixin.py:190} INFO - [2026-04-23T15:20:37.001+0000] {dag.py:3211} INFO - Sync 1 DAGs
[2026-04-23T15:20:37.015+0000] {logging_mixin.py:190} INFO - [2026-04-23T15:20:37.014+0000] {dag.py:4138} INFO - Setting next_dagrun for trigger_databricks_job to None, run_after=None
[2026-04-23T15:20:37.047+0000] {processor.py:208} INFO - Processing /opt/airflow/dags/databricks_dag.py took 0.149 seconds
[2026-04-23T15:21:07.602+0000] {processor.py:186} INFO - Started process (PID=226) to work on /opt/airflow/dags/databricks_dag.py
[2026-04-23T15:21:07.603+0000] {processor.py:914} INFO - Processing file /opt/airflow/dags/databricks_dag.py for tasks to queue
[2026-04-23T15:21:07.607+0000] {logging_mixin.py:190} INFO - [2026-04-23T15:21:07.606+0000] {dagbag.py:587} INFO - Filling up the DagBag from /opt/airflow/dags/databricks_dag.py
[2026-04-23T15:21:07.653+0000] {processor.py:925} INFO - DAG(s) 'trigger_databricks_job' retrieved from /opt/airflow/dags/databricks_dag.py
[2026-04-23T15:21:07.677+0000] {logging_mixin.py:190} INFO - [2026-04-23T15:21:07.677+0000] {dag.py:3211} INFO - Sync 1 DAGs
[2026-04-23T15:21:07.691+0000] {logging_mixin.py:190} INFO - [2026-04-23T15:21:07.691+0000] {dag.py:4138} INFO - Setting next_dagrun for trigger_databricks_job to None, run_after=None
[2026-04-23T15:21:07.718+0000] {processor.py:208} INFO - Processing /opt/airflow/dags/databricks_dag.py took 0.121 seconds
[2026-04-23T15:21:38.163+0000] {processor.py:186} INFO - Started process (PID=231) to work on /opt/airflow/dags/databricks_dag.py
[2026-04-23T15:21:38.169+0000] {processor.py:914} INFO - Processing file /opt/airflow/dags/databricks_dag.py for tasks to queue
[2026-04-23T15:21:38.173+0000] {logging_mixin.py:190} INFO - [2026-04-23T15:21:38.172+0000] {dagbag.py:587} INFO - Filling up the DagBag from /opt/airflow/dags/databricks_dag.py
[2026-04-23T15:21:38.196+0000] {processor.py:925} INFO - DAG(s) 'trigger_databricks_job' retrieved from /opt/airflow/dags/databricks_dag.py
[2026-04-23T15:21:38.223+0000] {logging_mixin.py:190} INFO - [2026-04-23T15:21:38.223+0000] {dag.py:3211} INFO - Sync 1 DAGs
[2026-04-23T15:21:38.238+0000] {logging_mixin.py:190} INFO - [2026-04-23T15:21:38.237+0000] {dag.py:4138} INFO - Setting next_dagrun for trigger_databricks_job to None, run_after=None
[2026-04-23T15:21:38.288+0000] {processor.py:208} INFO - Processing /opt/airflow/dags/databricks_dag.py took 0.135 seconds
[2026-04-23T15:22:08.750+0000] {processor.py:186} INFO - Started process (PID=236) to work on /opt/airflow/dags/databricks_dag.py
[2026-04-23T15:22:08.751+0000] {processor.py:914} INFO - Processing file /opt/airflow/dags/databricks_dag.py for tasks to queue
[2026-04-23T15:22:08.756+0000] {logging_mixin.py:190} INFO - [2026-04-23T15:22:08.755+0000] {dagbag.py:587} INFO - Filling up the DagBag from /opt/airflow/dags/databricks_dag.py
[2026-04-23T15:22:08.827+0000] {processor.py:925} INFO - DAG(s) 'trigger_databricks_job' retrieved from /opt/airflow/dags/databricks_dag.py
[2026-04-23T15:22:08.866+0000] {logging_mixin.py:190} INFO - [2026-04-23T15:22:08.866+0000] {dag.py:3211} INFO - Sync 1 DAGs
[2026-04-23T15:22:08.883+0000] {logging_mixin.py:190} INFO - [2026-04-23T15:22:08.883+0000] {dag.py:4138} INFO - Setting next_dagrun for trigger_databricks_job to None, run_after=None
[2026-04-23T15:22:08.911+0000] {processor.py:208} INFO - Processing /opt/airflow/dags/databricks_dag.py took 0.171 seconds
[2026-04-23T15:22:39.257+0000] {processor.py:186} INFO - Started process (PID=241) to work on /opt/airflow/dags/databricks_dag.py
[2026-04-23T15:22:39.259+0000] {processor.py:914} INFO - Processing file /opt/airflow/dags/databricks_dag.py for tasks to queue
[2026-04-23T15:22:39.263+0000] {logging_mixin.py:190} INFO - [2026-04-23T15:22:39.262+0000] {dagbag.py:587} INFO - Filling up the DagBag from /opt/airflow/dags/databricks_dag.py
[2026-04-23T15:22:39.335+0000] {processor.py:925} INFO - DAG(s) 'trigger_databricks_job' retrieved from /opt/airflow/dags/databricks_dag.py
[2026-04-23T15:22:39.364+0000] {logging_mixin.py:190} INFO - [2026-04-23T15:22:39.363+0000] {dag.py:3211} INFO - Sync 1 DAGs
[2026-04-23T15:22:39.378+0000] {logging_mixin.py:190} INFO - [2026-04-23T15:22:39.378+0000] {dag.py:4138} INFO - Setting next_dagrun for trigger_databricks_job to None, run_after=None
[2026-04-23T15:22:39.402+0000] {processor.py:208} INFO - Processing /opt/airflow/dags/databricks_dag.py took 0.150 seconds
[2026-04-23T15:23:09.848+0000] {processor.py:186} INFO - Started process (PID=249) to work on /opt/airflow/dags/databricks_dag.py
[2026-04-23T15:23:09.850+0000] {processor.py:914} INFO - Processing file /opt/airflow/dags/databricks_dag.py for tasks to queue
[2026-04-23T15:23:09.853+0000] {logging_mixin.py:190} INFO - [2026-04-23T15:23:09.852+0000] {dagbag.py:587} INFO - Filling up the DagBag from /opt/airflow/dags/databricks_dag.py
[2026-04-23T15:23:09.935+0000] {processor.py:925} INFO - DAG(s) 'trigger_databricks_job' retrieved from /opt/airflow/dags/databricks_dag.py
[2026-04-23T15:23:09.970+0000] {logging_mixin.py:190} INFO - [2026-04-23T15:23:09.970+0000] {dag.py:3211} INFO - Sync 1 DAGs
[2026-04-23T15:23:09.983+0000] {logging_mixin.py:190} INFO - [2026-04-23T15:23:09.983+0000] {dag.py:4138} INFO - Setting next_dagrun for trigger_databricks_job to None, run_after=None
[2026-04-23T15:23:10.016+0000] {processor.py:208} INFO - Processing /opt/airflow/dags/databricks_dag.py took 0.174 seconds
[2026-04-23T15:23:40.444+0000] {processor.py:186} INFO - Started process (PID=254) to work on /opt/airflow/dags/databricks_dag.py
[2026-04-23T15:23:40.446+0000] {processor.py:914} INFO - Processing file /opt/airflow/dags/databricks_dag.py for tasks to queue
[2026-04-23T15:23:40.449+0000] {logging_mixin.py:190} INFO - [2026-04-23T15:23:40.449+0000] {dagbag.py:587} INFO - Filling up the DagBag from /opt/airflow/dags/databricks_dag.py
[2026-04-23T15:23:40.544+0000] {processor.py:925} INFO - DAG(s) 'trigger_databricks_job' retrieved from /opt/airflow/dags/databricks_dag.py
[2026-04-23T15:23:40.579+0000] {logging_mixin.py:190} INFO - [2026-04-23T15:23:40.579+0000] {dag.py:3211} INFO - Sync 1 DAGs
[2026-04-23T15:23:40.592+0000] {logging_mixin.py:190} INFO - [2026-04-23T15:23:40.592+0000] {dag.py:4138} INFO - Setting next_dagrun for trigger_databricks_job to None, run_after=None
[2026-04-23T15:23:40.621+0000] {processor.py:208} INFO - Processing /opt/airflow/dags/databricks_dag.py took 0.183 seconds
[2026-04-23T15:24:11.188+0000] {processor.py:186} INFO - Started process (PID=259) to work on /opt/airflow/dags/databricks_dag.py
[2026-04-23T15:24:11.190+0000] {processor.py:914} INFO - Processing file /opt/airflow/dags/databricks_dag.py for tasks to queue
[2026-04-23T15:24:11.193+0000] {logging_mixin.py:190} INFO - [2026-04-23T15:24:11.193+0000] {dagbag.py:587} INFO - Filling up the DagBag from /opt/airflow/dags/databricks_dag.py
[2026-04-23T15:24:11.278+0000] {processor.py:925} INFO - DAG(s) 'trigger_databricks_job' retrieved from /opt/airflow/dags/databricks_dag.py
[2026-04-23T15:24:11.310+0000] {logging_mixin.py:190} INFO - [2026-04-23T15:24:11.310+0000] {dag.py:3211} INFO - Sync 1 DAGs
[2026-04-23T15:24:11.327+0000] {logging_mixin.py:190} INFO - [2026-04-23T15:24:11.327+0000] {dag.py:4138} INFO - Setting next_dagrun for trigger_databricks_job to None, run_after=None
[2026-04-23T15:24:11.370+0000] {processor.py:208} INFO - Processing /opt/airflow/dags/databricks_dag.py took 0.187 seconds
[2026-04-23T15:24:41.730+0000] {processor.py:186} INFO - Started process (PID=264) to work on /opt/airflow/dags/databricks_dag.py
[2026-04-23T15:24:41.732+0000] {processor.py:914} INFO - Processing file /opt/airflow/dags/databricks_dag.py for tasks to queue
[2026-04-23T15:24:41.735+0000] {logging_mixin.py:190} INFO - [2026-04-23T15:24:41.734+0000] {dagbag.py:587} INFO - Filling up the DagBag from /opt/airflow/dags/databricks_dag.py
[2026-04-23T15:24:41.816+0000] {processor.py:925} INFO - DAG(s) 'trigger_databricks_job' retrieved from /opt/airflow/dags/databricks_dag.py
[2026-04-23T15:24:41.848+0000] {logging_mixin.py:190} INFO - [2026-04-23T15:24:41.847+0000] {dag.py:3211} INFO - Sync 1 DAGs
[2026-04-23T15:24:41.868+0000] {logging_mixin.py:190} INFO - [2026-04-23T15:24:41.867+0000] {dag.py:4138} INFO - Setting next_dagrun for trigger_databricks_job to None, run_after=None
[2026-04-23T15:24:41.904+0000] {processor.py:208} INFO - Processing /opt/airflow/dags/databricks_dag.py took 0.180 seconds
[2026-04-23T15:25:12.422+0000] {processor.py:186} INFO - Started process (PID=269) to work on /opt/airflow/dags/databricks_dag.py
[2026-04-23T15:25:12.424+0000] {processor.py:914} INFO - Processing file /opt/airflow/dags/databricks_dag.py for tasks to queue
[2026-04-23T15:25:12.426+0000] {logging_mixin.py:190} INFO - [2026-04-23T15:25:12.426+0000] {dagbag.py:587} INFO - Filling up the DagBag from /opt/airflow/dags/databricks_dag.py
[2026-04-23T15:25:12.458+0000] {processor.py:925} INFO - DAG(s) 'trigger_databricks_job' retrieved from /opt/airflow/dags/databricks_dag.py
[2026-04-23T15:25:12.478+0000] {logging_mixin.py:190} INFO - [2026-04-23T15:25:12.478+0000] {dag.py:3211} INFO - Sync 1 DAGs
[2026-04-23T15:25:12.489+0000] {logging_mixin.py:190} INFO - [2026-04-23T15:25:12.489+0000] {dag.py:4138} INFO - Setting next_dagrun for trigger_databricks_job to None, run_after=None
[2026-04-23T15:25:12.508+0000] {processor.py:208} INFO - Processing /opt/airflow/dags/databricks_dag.py took 0.091 seconds
[2026-04-23T15:25:42.928+0000] {processor.py:186} INFO - Started process (PID=274) to work on /opt/airflow/dags/databricks_dag.py
[2026-04-23T15:25:42.929+0000] {processor.py:914} INFO - Processing file /opt/airflow/dags/databricks_dag.py for tasks to queue
[2026-04-23T15:25:42.932+0000] {logging_mixin.py:190} INFO - [2026-04-23T15:25:42.932+0000] {dagbag.py:587} INFO - Filling up the DagBag from /opt/airflow/dags/databricks_dag.py
[2026-04-23T15:25:42.963+0000] {processor.py:925} INFO - DAG(s) 'trigger_databricks_job' retrieved from /opt/airflow/dags/databricks_dag.py
[2026-04-23T15:25:42.989+0000] {logging_mixin.py:190} INFO - [2026-04-23T15:25:42.989+0000] {dag.py:3211} INFO - Sync 1 DAGs
[2026-04-23T15:25:43.002+0000] {logging_mixin.py:190} INFO - [2026-04-23T15:25:43.002+0000] {dag.py:4138} INFO - Setting next_dagrun for trigger_databricks_job to None, run_after=None
[2026-04-23T15:25:43.022+0000] {processor.py:208} INFO - Processing /opt/airflow/dags/databricks_dag.py took 0.098 seconds
[2026-04-23T15:26:13.513+0000] {processor.py:186} INFO - Started process (PID=279) to work on /opt/airflow/dags/databricks_dag.py
[2026-04-23T15:26:13.515+0000] {processor.py:914} INFO - Processing file /opt/airflow/dags/databricks_dag.py for tasks to queue
[2026-04-23T15:26:13.521+0000] {logging_mixin.py:190} INFO - [2026-04-23T15:26:13.520+0000] {dagbag.py:587} INFO - Filling up the DagBag from /opt/airflow/dags/databricks_dag.py
[2026-04-23T15:26:13.580+0000] {processor.py:925} INFO - DAG(s) 'trigger_databricks_job' retrieved from /opt/airflow/dags/databricks_dag.py
[2026-04-23T15:26:13.612+0000] {logging_mixin.py:190} INFO - [2026-04-23T15:26:13.612+0000] {dag.py:3211} INFO - Sync 1 DAGs
[2026-04-23T15:26:13.631+0000] {logging_mixin.py:190} INFO - [2026-04-23T15:26:13.631+0000] {dag.py:4138} INFO - Setting next_dagrun for trigger_databricks_job to None, run_after=None
[2026-04-23T15:26:13.662+0000] {processor.py:208} INFO - Processing /opt/airflow/dags/databricks_dag.py took 0.157 seconds
[2026-04-23T15:26:44.021+0000] {processor.py:186} INFO - Started process (PID=284) to work on /opt/airflow/dags/databricks_dag.py
[2026-04-23T15:26:44.022+0000] {processor.py:914} INFO - Processing file /opt/airflow/dags/databricks_dag.py for tasks to queue
[2026-04-23T15:26:44.026+0000] {logging_mixin.py:190} INFO - [2026-04-23T15:26:44.025+0000] {dagbag.py:587} INFO - Filling up the DagBag from /opt/airflow/dags/databricks_dag.py
[2026-04-23T15:26:44.095+0000] {processor.py:925} INFO - DAG(s) 'trigger_databricks_job' retrieved from /opt/airflow/dags/databricks_dag.py
[2026-04-23T15:26:44.143+0000] {logging_mixin.py:190} INFO - [2026-04-23T15:26:44.142+0000] {dag.py:3211} INFO - Sync 1 DAGs
[2026-04-23T15:26:44.157+0000] {logging_mixin.py:190} INFO - [2026-04-23T15:26:44.156+0000] {dag.py:4138} INFO - Setting next_dagrun for trigger_databricks_job to None, run_after=None
[2026-04-23T15:26:44.191+0000] {processor.py:208} INFO - Processing /opt/airflow/dags/databricks_dag.py took 0.177 seconds
[2026-04-23T15:27:14.675+0000] {processor.py:186} INFO - Started process (PID=289) to work on /opt/airflow/dags/databricks_dag.py
[2026-04-23T15:27:14.676+0000] {processor.py:914} INFO - Processing file /opt/airflow/dags/databricks_dag.py for tasks to queue
[2026-04-23T15:27:14.679+0000] {logging_mixin.py:190} INFO - [2026-04-23T15:27:14.678+0000] {dagbag.py:587} INFO - Filling up the DagBag from /opt/airflow/dags/databricks_dag.py
[2026-04-23T15:27:14.703+0000] {processor.py:925} INFO - DAG(s) 'trigger_databricks_job' retrieved from /opt/airflow/dags/databricks_dag.py
[2026-04-23T15:27:14.729+0000] {logging_mixin.py:190} INFO - [2026-04-23T15:27:14.728+0000] {dag.py:3211} INFO - Sync 1 DAGs
[2026-04-23T15:27:14.741+0000] {logging_mixin.py:190} INFO - [2026-04-23T15:27:14.741+0000] {dag.py:4138} INFO - Setting next_dagrun for trigger_databricks_job to None, run_after=None
[2026-04-23T15:27:14.769+0000] {processor.py:208} INFO - Processing /opt/airflow/dags/databricks_dag.py took 0.098 seconds
[2026-04-23T15:27:45.205+0000] {processor.py:186} INFO - Started process (PID=294) to work on /opt/airflow/dags/databricks_dag.py
[2026-04-23T15:27:45.207+0000] {processor.py:914} INFO - Processing file /opt/airflow/dags/databricks_dag.py for tasks to queue
[2026-04-23T15:27:45.210+0000] {logging_mixin.py:190} INFO - [2026-04-23T15:27:45.210+0000] {dagbag.py:587} INFO - Filling up the DagBag from /opt/airflow/dags/databricks_dag.py
[2026-04-23T15:27:45.268+0000] {processor.py:925} INFO - DAG(s) 'trigger_databricks_job' retrieved from /opt/airflow/dags/databricks_dag.py
[2026-04-23T15:27:45.304+0000] {logging_mixin.py:190} INFO - [2026-04-23T15:27:45.304+0000] {dag.py:3211} INFO - Sync 1 DAGs
[2026-04-23T15:27:45.317+0000] {logging_mixin.py:190} INFO - [2026-04-23T15:27:45.317+0000] {dag.py:4138} INFO - Setting next_dagrun for trigger_databricks_job to None, run_after=None
[2026-04-23T15:27:45.339+0000] {processor.py:208} INFO - Processing /opt/airflow/dags/databricks_dag.py took 0.140 seconds
[2026-04-23T15:28:15.734+0000] {processor.py:186} INFO - Started process (PID=299) to work on /opt/airflow/dags/databricks_dag.py
[2026-04-23T15:28:15.737+0000] {processor.py:914} INFO - Processing file /opt/airflow/dags/databricks_dag.py for tasks to queue
[2026-04-23T15:28:15.740+0000] {logging_mixin.py:190} INFO - [2026-04-23T15:28:15.740+0000] {dagbag.py:587} INFO - Filling up the DagBag from /opt/airflow/dags/databricks_dag.py
[2026-04-23T15:28:15.819+0000] {processor.py:925} INFO - DAG(s) 'trigger_databricks_job' retrieved from /opt/airflow/dags/databricks_dag.py
[2026-04-23T15:28:15.874+0000] {logging_mixin.py:190} INFO - [2026-04-23T15:28:15.874+0000] {dag.py:3211} INFO - Sync 1 DAGs
[2026-04-23T15:28:15.886+0000] {logging_mixin.py:190} INFO - [2026-04-23T15:28:15.886+0000] {dag.py:4138} INFO - Setting next_dagrun for trigger_databricks_job to None, run_after=None
[2026-04-23T15:28:15.908+0000] {processor.py:208} INFO - Processing /opt/airflow/dags/databricks_dag.py took 0.180 seconds
[2026-04-23T15:28:46.319+0000] {processor.py:186} INFO - Started process (PID=304) to work on /opt/airflow/dags/databricks_dag.py
[2026-04-23T15:28:46.321+0000] {processor.py:914} INFO - Processing file /opt/airflow/dags/databricks_dag.py for tasks to queue
[2026-04-23T15:28:46.325+0000] {logging_mixin.py:190} INFO - [2026-04-23T15:28:46.324+0000] {dagbag.py:587} INFO - Filling up the DagBag from /opt/airflow/dags/databricks_dag.py
[2026-04-23T15:28:46.395+0000] {processor.py:925} INFO - DAG(s) 'trigger_databricks_job' retrieved from /opt/airflow/dags/databricks_dag.py
[2026-04-23T15:28:46.434+0000] {logging_mixin.py:190} INFO - [2026-04-23T15:28:46.434+0000] {dag.py:3211} INFO - Sync 1 DAGs
[2026-04-23T15:28:46.451+0000] {logging_mixin.py:190} INFO - [2026-04-23T15:28:46.450+0000] {dag.py:4138} INFO - Setting next_dagrun for trigger_databricks_job to None, run_after=None
[2026-04-23T15:28:46.484+0000] {processor.py:208} INFO - Processing /opt/airflow/dags/databricks_dag.py took 0.170 seconds
[2026-04-23T15:29:16.761+0000] {processor.py:186} INFO - Started process (PID=309) to work on /opt/airflow/dags/databricks_dag.py
[2026-04-23T15:29:16.763+0000] {processor.py:914} INFO - Processing file /opt/airflow/dags/databricks_dag.py for tasks to queue
[2026-04-23T15:29:16.765+0000] {logging_mixin.py:190} INFO - [2026-04-23T15:29:16.765+0000] {dagbag.py:587} INFO - Filling up the DagBag from /opt/airflow/dags/databricks_dag.py
[2026-04-23T15:29:16.799+0000] {processor.py:925} INFO - DAG(s) 'trigger_databricks_job' retrieved from /opt/airflow/dags/databricks_dag.py
[2026-04-23T15:29:16.825+0000] {logging_mixin.py:190} INFO - [2026-04-23T15:29:16.824+0000] {dag.py:3211} INFO - Sync 1 DAGs
[2026-04-23T15:29:16.840+0000] {logging_mixin.py:190} INFO - [2026-04-23T15:29:16.839+0000] {dag.py:4138} INFO - Setting next_dagrun for trigger_databricks_job to None, run_after=None
[2026-04-23T15:29:16.870+0000] {processor.py:208} INFO - Processing /opt/airflow/dags/databricks_dag.py took 0.113 seconds
[2026-04-23T15:29:47.273+0000] {processor.py:186} INFO - Started process (PID=314) to work on /opt/airflow/dags/databricks_dag.py
[2026-04-23T15:29:47.275+0000] {processor.py:914} INFO - Processing file /opt/airflow/dags/databricks_dag.py for tasks to queue
[2026-04-23T15:29:47.278+0000] {logging_mixin.py:190} INFO - [2026-04-23T15:29:47.278+0000] {dagbag.py:587} INFO - Filling up the DagBag from /opt/airflow/dags/databricks_dag.py
[2026-04-23T15:29:47.342+0000] {processor.py:925} INFO - DAG(s) 'trigger_databricks_job' retrieved from /opt/airflow/dags/databricks_dag.py
[2026-04-23T15:29:47.383+0000] {logging_mixin.py:190} INFO - [2026-04-23T15:29:47.383+0000] {dag.py:3211} INFO - Sync 1 DAGs
[2026-04-23T15:29:47.394+0000] {logging_mixin.py:190} INFO - [2026-04-23T15:29:47.394+0000] {dag.py:4138} INFO - Setting next_dagrun for trigger_databricks_job to None, run_after=None
[2026-04-23T15:29:47.427+0000] {processor.py:208} INFO - Processing /opt/airflow/dags/databricks_dag.py took 0.160 seconds
[2026-04-23T15:30:17.746+0000] {processor.py:186} INFO - Started process (PID=319) to work on /opt/airflow/dags/databricks_dag.py
[2026-04-23T15:30:17.748+0000] {processor.py:914} INFO - Processing file /opt/airflow/dags/databricks_dag.py for tasks to queue
[2026-04-23T15:30:17.751+0000] {logging_mixin.py:190} INFO - [2026-04-23T15:30:17.750+0000] {dagbag.py:587} INFO - Filling up the DagBag from /opt/airflow/dags/databricks_dag.py
[2026-04-23T15:30:17.781+0000] {processor.py:925} INFO - DAG(s) 'trigger_databricks_job' retrieved from /opt/airflow/dags/databricks_dag.py
[2026-04-23T15:30:17.806+0000] {logging_mixin.py:190} INFO - [2026-04-23T15:30:17.805+0000] {dag.py:3211} INFO - Sync 1 DAGs
[2026-04-23T15:30:17.818+0000] {logging_mixin.py:190} INFO - [2026-04-23T15:30:17.818+0000] {dag.py:4138} INFO - Setting next_dagrun for trigger_databricks_job to None, run_after=None
[2026-04-23T15:30:17.838+0000] {processor.py:208} INFO - Processing /opt/airflow/dags/databricks_dag.py took 0.097 seconds
[2026-04-23T15:30:48.229+0000] {processor.py:186} INFO - Started process (PID=324) to work on /opt/airflow/dags/databricks_dag.py
[2026-04-23T15:30:48.230+0000] {processor.py:914} INFO - Processing file /opt/airflow/dags/databricks_dag.py for tasks to queue
[2026-04-23T15:30:48.234+0000] {logging_mixin.py:190} INFO - [2026-04-23T15:30:48.233+0000] {dagbag.py:587} INFO - Filling up the DagBag from /opt/airflow/dags/databricks_dag.py
[2026-04-23T15:30:48.279+0000] {processor.py:925} INFO - DAG(s) 'trigger_databricks_job' retrieved from /opt/airflow/dags/databricks_dag.py
[2026-04-23T15:30:48.312+0000] {logging_mixin.py:190} INFO - [2026-04-23T15:30:48.311+0000] {dag.py:3211} INFO - Sync 1 DAGs
[2026-04-23T15:30:48.330+0000] {logging_mixin.py:190} INFO - [2026-04-23T15:30:48.330+0000] {dag.py:4138} INFO - Setting next_dagrun for trigger_databricks_job to None, run_after=None
[2026-04-23T15:30:48.367+0000] {processor.py:208} INFO - Processing /opt/airflow/dags/databricks_dag.py took 0.145 seconds
[2026-04-23T15:31:18.867+0000] {processor.py:186} INFO - Started process (PID=329) to work on /opt/airflow/dags/databricks_dag.py
[2026-04-23T15:31:18.868+0000] {processor.py:914} INFO - Processing file /opt/airflow/dags/databricks_dag.py for tasks to queue
[2026-04-23T15:31:18.871+0000] {logging_mixin.py:190} INFO - [2026-04-23T15:31:18.870+0000] {dagbag.py:587} INFO - Filling up the DagBag from /opt/airflow/dags/databricks_dag.py
[2026-04-23T15:31:18.893+0000] {processor.py:925} INFO - DAG(s) 'trigger_databricks_job' retrieved from /opt/airflow/dags/databricks_dag.py
[2026-04-23T15:31:18.919+0000] {logging_mixin.py:190} INFO - [2026-04-23T15:31:18.919+0000] {dag.py:3211} INFO - Sync 1 DAGs
[2026-04-23T15:31:18.933+0000] {logging_mixin.py:190} INFO - [2026-04-23T15:31:18.933+0000] {dag.py:4138} INFO - Setting next_dagrun for trigger_databricks_job to None, run_after=None
[2026-04-23T15:31:18.954+0000] {processor.py:208} INFO - Processing /opt/airflow/dags/databricks_dag.py took 0.091 seconds
[2026-04-23T15:31:49.392+0000] {processor.py:186} INFO - Started process (PID=334) to work on /opt/airflow/dags/databricks_dag.py
[2026-04-23T15:31:49.394+0000] {processor.py:914} INFO - Processing file /opt/airflow/dags/databricks_dag.py for tasks to queue
[2026-04-23T15:31:49.398+0000] {logging_mixin.py:190} INFO - [2026-04-23T15:31:49.398+0000] {dagbag.py:587} INFO - Filling up the DagBag from /opt/airflow/dags/databricks_dag.py
[2026-04-23T15:31:49.463+0000] {processor.py:925} INFO - DAG(s) 'trigger_databricks_job' retrieved from /opt/airflow/dags/databricks_dag.py
[2026-04-23T15:31:49.498+0000] {logging_mixin.py:190} INFO - [2026-04-23T15:31:49.497+0000] {dag.py:3211} INFO - Sync 1 DAGs
[2026-04-23T15:31:49.514+0000] {logging_mixin.py:190} INFO - [2026-04-23T15:31:49.514+0000] {dag.py:4138} INFO - Setting next_dagrun for trigger_databricks_job to None, run_after=None
[2026-04-23T15:31:49.549+0000] {processor.py:208} INFO - Processing /opt/airflow/dags/databricks_dag.py took 0.164 seconds
[2026-04-23T15:32:19.809+0000] {processor.py:186} INFO - Started process (PID=339) to work on /opt/airflow/dags/databricks_dag.py
[2026-04-23T15:32:19.810+0000] {processor.py:914} INFO - Processing file /opt/airflow/dags/databricks_dag.py for tasks to queue
[2026-04-23T15:32:19.812+0000] {logging_mixin.py:190} INFO - [2026-04-23T15:32:19.812+0000] {dagbag.py:587} INFO - Filling up the DagBag from /opt/airflow/dags/databricks_dag.py
[2026-04-23T15:32:19.841+0000] {processor.py:925} INFO - DAG(s) 'trigger_databricks_job' retrieved from /opt/airflow/dags/databricks_dag.py
[2026-04-23T15:32:19.867+0000] {logging_mixin.py:190} INFO - [2026-04-23T15:32:19.867+0000] {dag.py:3211} INFO - Sync 1 DAGs
[2026-04-23T15:32:19.880+0000] {logging_mixin.py:190} INFO - [2026-04-23T15:32:19.880+0000] {dag.py:4138} INFO - Setting next_dagrun for trigger_databricks_job to None, run_after=None
[2026-04-23T15:32:19.906+0000] {processor.py:208} INFO - Processing /opt/airflow/dags/databricks_dag.py took 0.102 seconds
[2026-04-23T15:32:50.467+0000] {processor.py:186} INFO - Started process (PID=344) to work on /opt/airflow/dags/databricks_dag.py
[2026-04-23T15:32:50.468+0000] {processor.py:914} INFO - Processing file /opt/airflow/dags/databricks_dag.py for tasks to queue
[2026-04-23T15:32:50.471+0000] {logging_mixin.py:190} INFO - [2026-04-23T15:32:50.471+0000] {dagbag.py:587} INFO - Filling up the DagBag from /opt/airflow/dags/databricks_dag.py
[2026-04-23T15:32:50.530+0000] {processor.py:925} INFO - DAG(s) 'trigger_databricks_job' retrieved from /opt/airflow/dags/databricks_dag.py
[2026-04-23T15:32:50.562+0000] {logging_mixin.py:190} INFO - [2026-04-23T15:32:50.561+0000] {dag.py:3211} INFO - Sync 1 DAGs
[2026-04-23T15:32:50.575+0000] {logging_mixin.py:190} INFO - [2026-04-23T15:32:50.575+0000] {dag.py:4138} INFO - Setting next_dagrun for trigger_databricks_job to None, run_after=None
[2026-04-23T15:32:50.617+0000] {processor.py:208} INFO - Processing /opt/airflow/dags/databricks_dag.py took 0.156 seconds
[2026-04-23T15:33:21.060+0000] {processor.py:186} INFO - Started process (PID=349) to work on /opt/airflow/dags/databricks_dag.py
[2026-04-23T15:33:21.062+0000] {processor.py:914} INFO - Processing file /opt/airflow/dags/databricks_dag.py for tasks to queue
[2026-04-23T15:33:21.065+0000] {logging_mixin.py:190} INFO - [2026-04-23T15:33:21.065+0000] {dagbag.py:587} INFO - Filling up the DagBag from /opt/airflow/dags/databricks_dag.py
[2026-04-23T15:33:21.117+0000] {processor.py:925} INFO - DAG(s) 'trigger_databricks_job' retrieved from /opt/airflow/dags/databricks_dag.py
[2026-04-23T15:33:21.150+0000] {logging_mixin.py:190} INFO - [2026-04-23T15:33:21.149+0000] {dag.py:3211} INFO - Sync 1 DAGs
[2026-04-23T15:33:21.167+0000] {logging_mixin.py:190} INFO - [2026-04-23T15:33:21.167+0000] {dag.py:4138} INFO - Setting next_dagrun for trigger_databricks_job to None, run_after=None
[2026-04-23T15:33:21.196+0000] {processor.py:208} INFO - Processing /opt/airflow/dags/databricks_dag.py took 0.142 seconds
[2026-04-23T15:33:51.626+0000] {processor.py:186} INFO - Started process (PID=354) to work on /opt/airflow/dags/databricks_dag.py
[2026-04-23T15:33:51.628+0000] {processor.py:914} INFO - Processing file /opt/airflow/dags/databricks_dag.py for tasks to queue
[2026-04-23T15:33:51.636+0000] {logging_mixin.py:190} INFO - [2026-04-23T15:33:51.634+0000] {dagbag.py:587} INFO - Filling up the DagBag from /opt/airflow/dags/databricks_dag.py
[2026-04-23T15:33:51.690+0000] {processor.py:925} INFO - DAG(s) 'trigger_databricks_job' retrieved from /opt/airflow/dags/databricks_dag.py
[2026-04-23T15:33:51.729+0000] {logging_mixin.py:190} INFO - [2026-04-23T15:33:51.728+0000] {dag.py:3211} INFO - Sync 1 DAGs
[2026-04-23T15:33:51.751+0000] {logging_mixin.py:190} INFO - [2026-04-23T15:33:51.751+0000] {dag.py:4138} INFO - Setting next_dagrun for trigger_databricks_job to None, run_after=None
[2026-04-23T15:33:51.797+0000] {processor.py:208} INFO - Processing /opt/airflow/dags/databricks_dag.py took 0.177 seconds
[2026-04-23T15:34:22.183+0000] {processor.py:186} INFO - Started process (PID=359) to work on /opt/airflow/dags/databricks_dag.py
[2026-04-23T15:34:22.185+0000] {processor.py:914} INFO - Processing file /opt/airflow/dags/databricks_dag.py for tasks to queue
[2026-04-23T15:34:22.189+0000] {logging_mixin.py:190} INFO - [2026-04-23T15:34:22.188+0000] {dagbag.py:587} INFO - Filling up the DagBag from /opt/airflow/dags/databricks_dag.py
[2026-04-23T15:34:22.269+0000] {processor.py:925} INFO - DAG(s) 'trigger_databricks_job' retrieved from /opt/airflow/dags/databricks_dag.py
[2026-04-23T15:34:22.302+0000] {logging_mixin.py:190} INFO - [2026-04-23T15:34:22.302+0000] {dag.py:3211} INFO - Sync 1 DAGs
[2026-04-23T15:34:22.324+0000] {logging_mixin.py:190} INFO - [2026-04-23T15:34:22.324+0000] {dag.py:4138} INFO - Setting next_dagrun for trigger_databricks_job to None, run_after=None
[2026-04-23T15:34:22.363+0000] {processor.py:208} INFO - Processing /opt/airflow/dags/databricks_dag.py took 0.186 seconds
[2026-04-23T15:34:52.844+0000] {processor.py:186} INFO - Started process (PID=364) to work on /opt/airflow/dags/databricks_dag.py
[2026-04-23T15:34:52.845+0000] {processor.py:914} INFO - Processing file /opt/airflow/dags/databricks_dag.py for tasks to queue
[2026-04-23T15:34:52.848+0000] {logging_mixin.py:190} INFO - [2026-04-23T15:34:52.848+0000] {dagbag.py:587} INFO - Filling up the DagBag from /opt/airflow/dags/databricks_dag.py
[2026-04-23T15:34:52.899+0000] {processor.py:925} INFO - DAG(s) 'trigger_databricks_job' retrieved from /opt/airflow/dags/databricks_dag.py
[2026-04-23T15:34:52.933+0000] {logging_mixin.py:190} INFO - [2026-04-23T15:34:52.932+0000] {dag.py:3211} INFO - Sync 1 DAGs
[2026-04-23T15:34:52.952+0000] {logging_mixin.py:190} INFO - [2026-04-23T15:34:52.951+0000] {dag.py:4138} INFO - Setting next_dagrun for trigger_databricks_job to None, run_after=None
[2026-04-23T15:34:52.997+0000] {processor.py:208} INFO - Processing /opt/airflow/dags/databricks_dag.py took 0.158 seconds
[2026-04-23T15:35:23.329+0000] {processor.py:186} INFO - Started process (PID=369) to work on /opt/airflow/dags/databricks_dag.py
[2026-04-23T15:35:23.331+0000] {processor.py:914} INFO - Processing file /opt/airflow/dags/databricks_dag.py for tasks to queue
[2026-04-23T15:35:23.335+0000] {logging_mixin.py:190} INFO - [2026-04-23T15:35:23.335+0000] {dagbag.py:587} INFO - Filling up the DagBag from /opt/airflow/dags/databricks_dag.py
[2026-04-23T15:35:23.417+0000] {processor.py:925} INFO - DAG(s) 'trigger_databricks_job' retrieved from /opt/airflow/dags/databricks_dag.py
[2026-04-23T15:35:23.447+0000] {logging_mixin.py:190} INFO - [2026-04-23T15:35:23.447+0000] {dag.py:3211} INFO - Sync 1 DAGs
[2026-04-23T15:35:23.469+0000] {logging_mixin.py:190} INFO - [2026-04-23T15:35:23.469+0000] {dag.py:4138} INFO - Setting next_dagrun for trigger_databricks_job to None, run_after=None
[2026-04-23T15:35:23.507+0000] {processor.py:208} INFO - Processing /opt/airflow/dags/databricks_dag.py took 0.184 seconds
[2026-04-23T15:35:53.844+0000] {processor.py:186} INFO - Started process (PID=374) to work on /opt/airflow/dags/databricks_dag.py
[2026-04-23T15:35:53.846+0000] {processor.py:914} INFO - Processing file /opt/airflow/dags/databricks_dag.py for tasks to queue
[2026-04-23T15:35:53.849+0000] {logging_mixin.py:190} INFO - [2026-04-23T15:35:53.849+0000] {dagbag.py:587} INFO - Filling up the DagBag from /opt/airflow/dags/databricks_dag.py
[2026-04-23T15:35:53.925+0000] {processor.py:925} INFO - DAG(s) 'trigger_databricks_job' retrieved from /opt/airflow/dags/databricks_dag.py
[2026-04-23T15:35:53.961+0000] {logging_mixin.py:190} INFO - [2026-04-23T15:35:53.960+0000] {dag.py:3211} INFO - Sync 1 DAGs
[2026-04-23T15:35:53.981+0000] {logging_mixin.py:190} INFO - [2026-04-23T15:35:53.981+0000] {dag.py:4138} INFO - Setting next_dagrun for trigger_databricks_job to None, run_after=None
[2026-04-23T15:35:54.027+0000] {processor.py:208} INFO - Processing /opt/airflow/dags/databricks_dag.py took 0.190 seconds
[2026-04-23T15:36:24.675+0000] {processor.py:186} INFO - Started process (PID=379) to work on /opt/airflow/dags/databricks_dag.py
[2026-04-23T15:36:24.677+0000] {processor.py:914} INFO - Processing file /opt/airflow/dags/databricks_dag.py for tasks to queue
[2026-04-23T15:36:24.681+0000] {logging_mixin.py:190} INFO - [2026-04-23T15:36:24.680+0000] {dagbag.py:587} INFO - Filling up the DagBag from /opt/airflow/dags/databricks_dag.py
[2026-04-23T15:36:24.773+0000] {processor.py:925} INFO - DAG(s) 'trigger_databricks_job' retrieved from /opt/airflow/dags/databricks_dag.py
[2026-04-23T15:36:24.851+0000] {logging_mixin.py:190} INFO - [2026-04-23T15:36:24.851+0000] {dag.py:3211} INFO - Sync 1 DAGs
[2026-04-23T15:36:24.898+0000] {logging_mixin.py:190} INFO - [2026-04-23T15:36:24.898+0000] {dag.py:4138} INFO - Setting next_dagrun for trigger_databricks_job to None, run_after=None
[2026-04-23T15:36:24.947+0000] {processor.py:208} INFO - Processing /opt/airflow/dags/databricks_dag.py took 0.278 seconds
[2026-04-23T15:36:55.155+0000] {processor.py:186} INFO - Started process (PID=384) to work on /opt/airflow/dags/databricks_dag.py
[2026-04-23T15:36:55.156+0000] {processor.py:914} INFO - Processing file /opt/airflow/dags/databricks_dag.py for tasks to queue
[2026-04-23T15:36:55.159+0000] {logging_mixin.py:190} INFO - [2026-04-23T15:36:55.158+0000] {dagbag.py:587} INFO - Filling up the DagBag from /opt/airflow/dags/databricks_dag.py
[2026-04-23T15:36:55.197+0000] {processor.py:925} INFO - DAG(s) 'trigger_databricks_job' retrieved from /opt/airflow/dags/databricks_dag.py
[2026-04-23T15:36:55.223+0000] {logging_mixin.py:190} INFO - [2026-04-23T15:36:55.223+0000] {dag.py:3211} INFO - Sync 1 DAGs
[2026-04-23T15:36:55.235+0000] {logging_mixin.py:190} INFO - [2026-04-23T15:36:55.235+0000] {dag.py:4138} INFO - Setting next_dagrun for trigger_databricks_job to None, run_after=None
[2026-04-23T15:36:55.269+0000] {processor.py:208} INFO - Processing /opt/airflow/dags/databricks_dag.py took 0.119 seconds
[2026-04-23T15:37:25.711+0000] {processor.py:186} INFO - Started process (PID=389) to work on /opt/airflow/dags/databricks_dag.py
[2026-04-23T15:37:25.713+0000] {processor.py:914} INFO - Processing file /opt/airflow/dags/databricks_dag.py for tasks to queue
[2026-04-23T15:37:25.716+0000] {logging_mixin.py:190} INFO - [2026-04-23T15:37:25.715+0000] {dagbag.py:587} INFO - Filling up the DagBag from /opt/airflow/dags/databricks_dag.py
[2026-04-23T15:37:25.772+0000] {processor.py:925} INFO - DAG(s) 'trigger_databricks_job' retrieved from /opt/airflow/dags/databricks_dag.py
[2026-04-23T15:37:25.804+0000] {logging_mixin.py:190} INFO - [2026-04-23T15:37:25.803+0000] {dag.py:3211} INFO - Sync 1 DAGs
[2026-04-23T15:37:25.821+0000] {logging_mixin.py:190} INFO - [2026-04-23T15:37:25.821+0000] {dag.py:4138} INFO - Setting next_dagrun for trigger_databricks_job to None, run_after=None
[2026-04-23T15:37:25.855+0000] {processor.py:208} INFO - Processing /opt/airflow/dags/databricks_dag.py took 0.150 seconds
[2026-04-23T15:37:56.331+0000] {processor.py:186} INFO - Started process (PID=394) to work on /opt/airflow/dags/databricks_dag.py
[2026-04-23T15:37:56.332+0000] {processor.py:914} INFO - Processing file /opt/airflow/dags/databricks_dag.py for tasks to queue
[2026-04-23T15:37:56.336+0000] {logging_mixin.py:190} INFO - [2026-04-23T15:37:56.336+0000] {dagbag.py:587} INFO - Filling up the DagBag from /opt/airflow/dags/databricks_dag.py
[2026-04-23T15:37:56.411+0000] {processor.py:925} INFO - DAG(s) 'trigger_databricks_job' retrieved from /opt/airflow/dags/databricks_dag.py
[2026-04-23T15:37:56.445+0000] {logging_mixin.py:190} INFO - [2026-04-23T15:37:56.445+0000] {dag.py:3211} INFO - Sync 1 DAGs
[2026-04-23T15:37:56.465+0000] {logging_mixin.py:190} INFO - [2026-04-23T15:37:56.465+0000] {dag.py:4138} INFO - Setting next_dagrun for trigger_databricks_job to None, run_after=None
[2026-04-23T15:37:56.504+0000] {processor.py:208} INFO - Processing /opt/airflow/dags/databricks_dag.py took 0.179 seconds
[2026-04-23T15:38:26.942+0000] {processor.py:186} INFO - Started process (PID=399) to work on /opt/airflow/dags/databricks_dag.py
[2026-04-23T15:38:26.944+0000] {processor.py:914} INFO - Processing file /opt/airflow/dags/databricks_dag.py for tasks to queue
[2026-04-23T15:38:26.949+0000] {logging_mixin.py:190} INFO - [2026-04-23T15:38:26.949+0000] {dagbag.py:587} INFO - Filling up the DagBag from /opt/airflow/dags/databricks_dag.py
[2026-04-23T15:38:27.029+0000] {processor.py:925} INFO - DAG(s) 'trigger_databricks_job' retrieved from /opt/airflow/dags/databricks_dag.py
[2026-04-23T15:38:27.065+0000] {logging_mixin.py:190} INFO - [2026-04-23T15:38:27.064+0000] {dag.py:3211} INFO - Sync 1 DAGs
[2026-04-23T15:38:27.083+0000] {logging_mixin.py:190} INFO - [2026-04-23T15:38:27.083+0000] {dag.py:4138} INFO - Setting next_dagrun for trigger_databricks_job to None, run_after=None
[2026-04-23T15:38:27.153+0000] {processor.py:208} INFO - Processing /opt/airflow/dags/databricks_dag.py took 0.217 seconds
[2026-04-23T15:38:57.548+0000] {processor.py:186} INFO - Started process (PID=404) to work on /opt/airflow/dags/databricks_dag.py
[2026-04-23T15:38:57.550+0000] {processor.py:914} INFO - Processing file /opt/airflow/dags/databricks_dag.py for tasks to queue
[2026-04-23T15:38:57.554+0000] {logging_mixin.py:190} INFO - [2026-04-23T15:38:57.553+0000] {dagbag.py:587} INFO - Filling up the DagBag from /opt/airflow/dags/databricks_dag.py
[2026-04-23T15:38:57.599+0000] {processor.py:925} INFO - DAG(s) 'trigger_databricks_job' retrieved from /opt/airflow/dags/databricks_dag.py
[2026-04-23T15:38:57.638+0000] {logging_mixin.py:190} INFO - [2026-04-23T15:38:57.637+0000] {dag.py:3211} INFO - Sync 1 DAGs
[2026-04-23T15:38:57.656+0000] {logging_mixin.py:190} INFO - [2026-04-23T15:38:57.656+0000] {dag.py:4138} INFO - Setting next_dagrun for trigger_databricks_job to None, run_after=None
[2026-04-23T15:38:57.681+0000] {processor.py:208} INFO - Processing /opt/airflow/dags/databricks_dag.py took 0.138 seconds
[2026-04-23T15:39:28.219+0000] {processor.py:186} INFO - Started process (PID=409) to work on /opt/airflow/dags/databricks_dag.py
[2026-04-23T15:39:28.221+0000] {processor.py:914} INFO - Processing file /opt/airflow/dags/databricks_dag.py for tasks to queue
[2026-04-23T15:39:28.227+0000] {logging_mixin.py:190} INFO - [2026-04-23T15:39:28.226+0000] {dagbag.py:587} INFO - Filling up the DagBag from /opt/airflow/dags/databricks_dag.py
[2026-04-23T15:39:28.270+0000] {processor.py:925} INFO - DAG(s) 'trigger_databricks_job' retrieved from /opt/airflow/dags/databricks_dag.py
[2026-04-23T15:39:28.295+0000] {logging_mixin.py:190} INFO - [2026-04-23T15:39:28.295+0000] {dag.py:3211} INFO - Sync 1 DAGs
[2026-04-23T15:39:28.306+0000] {logging_mixin.py:190} INFO - [2026-04-23T15:39:28.306+0000] {dag.py:4138} INFO - Setting next_dagrun for trigger_databricks_job to None, run_after=None
[2026-04-23T15:39:28.336+0000] {processor.py:208} INFO - Processing /opt/airflow/dags/databricks_dag.py took 0.124 seconds
[2026-04-23T15:39:58.666+0000] {processor.py:186} INFO - Started process (PID=414) to work on /opt/airflow/dags/databricks_dag.py
[2026-04-23T15:39:58.668+0000] {processor.py:914} INFO - Processing file /opt/airflow/dags/databricks_dag.py for tasks to queue
[2026-04-23T15:39:58.672+0000] {logging_mixin.py:190} INFO - [2026-04-23T15:39:58.671+0000] {dagbag.py:587} INFO - Filling up the DagBag from /opt/airflow/dags/databricks_dag.py
[2026-04-23T15:39:58.723+0000] {processor.py:925} INFO - DAG(s) 'trigger_databricks_job' retrieved from /opt/airflow/dags/databricks_dag.py
[2026-04-23T15:39:58.765+0000] {logging_mixin.py:190} INFO - [2026-04-23T15:39:58.764+0000] {dag.py:3211} INFO - Sync 1 DAGs
[2026-04-23T15:39:58.784+0000] {logging_mixin.py:190} INFO - [2026-04-23T15:39:58.784+0000] {dag.py:4138} INFO - Setting next_dagrun for trigger_databricks_job to None, run_after=None
[2026-04-23T15:39:58.812+0000] {processor.py:208} INFO - Processing /opt/airflow/dags/databricks_dag.py took 0.153 seconds
[2026-04-23T15:40:29.164+0000] {processor.py:186} INFO - Started process (PID=419) to work on /opt/airflow/dags/databricks_dag.py
[2026-04-23T15:40:29.166+0000] {processor.py:914} INFO - Processing file /opt/airflow/dags/databricks_dag.py for tasks to queue
[2026-04-23T15:40:29.169+0000] {logging_mixin.py:190} INFO - [2026-04-23T15:40:29.169+0000] {dagbag.py:587} INFO - Filling up the DagBag from /opt/airflow/dags/databricks_dag.py
[2026-04-23T15:40:29.235+0000] {processor.py:925} INFO - DAG(s) 'trigger_databricks_job' retrieved from /opt/airflow/dags/databricks_dag.py
[2026-04-23T15:40:29.271+0000] {logging_mixin.py:190} INFO - [2026-04-23T15:40:29.271+0000] {dag.py:3211} INFO - Sync 1 DAGs
[2026-04-23T15:40:29.291+0000] {logging_mixin.py:190} INFO - [2026-04-23T15:40:29.291+0000] {dag.py:4138} INFO - Setting next_dagrun for trigger_databricks_job to None, run_after=None
[2026-04-23T15:40:29.331+0000] {processor.py:208} INFO - Processing /opt/airflow/dags/databricks_dag.py took 0.174 seconds
[2026-04-23T15:40:59.829+0000] {processor.py:186} INFO - Started process (PID=424) to work on /opt/airflow/dags/databricks_dag.py
[2026-04-23T15:40:59.831+0000] {processor.py:914} INFO - Processing file /opt/airflow/dags/databricks_dag.py for tasks to queue
[2026-04-23T15:40:59.834+0000] {logging_mixin.py:190} INFO - [2026-04-23T15:40:59.833+0000] {dagbag.py:587} INFO - Filling up the DagBag from /opt/airflow/dags/databricks_dag.py
[2026-04-23T15:40:59.914+0000] {processor.py:925} INFO - DAG(s) 'trigger_databricks_job' retrieved from /opt/airflow/dags/databricks_dag.py
[2026-04-23T15:40:59.950+0000] {logging_mixin.py:190} INFO - [2026-04-23T15:40:59.950+0000] {dag.py:3211} INFO - Sync 1 DAGs
[2026-04-23T15:40:59.968+0000] {logging_mixin.py:190} INFO - [2026-04-23T15:40:59.968+0000] {dag.py:4138} INFO - Setting next_dagrun for trigger_databricks_job to None, run_after=None
[2026-04-23T15:41:00.017+0000] {processor.py:208} INFO - Processing /opt/airflow/dags/databricks_dag.py took 0.193 seconds
[2026-04-23T15:41:30.624+0000] {processor.py:186} INFO - Started process (PID=429) to work on /opt/airflow/dags/databricks_dag.py
[2026-04-23T15:41:30.627+0000] {processor.py:914} INFO - Processing file /opt/airflow/dags/databricks_dag.py for tasks to queue
[2026-04-23T15:41:30.633+0000] {logging_mixin.py:190} INFO - [2026-04-23T15:41:30.631+0000] {dagbag.py:587} INFO - Filling up the DagBag from /opt/airflow/dags/databricks_dag.py
[2026-04-23T15:41:30.696+0000] {processor.py:925} INFO - DAG(s) 'trigger_databricks_job' retrieved from /opt/airflow/dags/databricks_dag.py
[2026-04-23T15:41:30.735+0000] {logging_mixin.py:190} INFO - [2026-04-23T15:41:30.735+0000] {dag.py:3211} INFO - Sync 1 DAGs
[2026-04-23T15:41:30.749+0000] {logging_mixin.py:190} INFO - [2026-04-23T15:41:30.748+0000] {dag.py:4138} INFO - Setting next_dagrun for trigger_databricks_job to None, run_after=None
[2026-04-23T15:41:30.769+0000] {processor.py:208} INFO - Processing /opt/airflow/dags/databricks_dag.py took 0.156 seconds
[2026-04-23T15:42:01.185+0000] {processor.py:186} INFO - Started process (PID=434) to work on /opt/airflow/dags/databricks_dag.py
[2026-04-23T15:42:01.186+0000] {processor.py:914} INFO - Processing file /opt/airflow/dags/databricks_dag.py for tasks to queue
[2026-04-23T15:42:01.190+0000] {logging_mixin.py:190} INFO - [2026-04-23T15:42:01.190+0000] {dagbag.py:587} INFO - Filling up the DagBag from /opt/airflow/dags/databricks_dag.py
[2026-04-23T15:42:01.279+0000] {processor.py:925} INFO - DAG(s) 'trigger_databricks_job' retrieved from /opt/airflow/dags/databricks_dag.py
[2026-04-23T15:42:01.313+0000] {logging_mixin.py:190} INFO - [2026-04-23T15:42:01.313+0000] {dag.py:3211} INFO - Sync 1 DAGs
[2026-04-23T15:42:01.331+0000] {logging_mixin.py:190} INFO - [2026-04-23T15:42:01.331+0000] {dag.py:4138} INFO - Setting next_dagrun for trigger_databricks_job to None, run_after=None
[2026-04-23T15:42:01.371+0000] {processor.py:208} INFO - Processing /opt/airflow/dags/databricks_dag.py took 0.192 seconds
[2026-04-23T15:42:31.861+0000] {processor.py:186} INFO - Started process (PID=439) to work on /opt/airflow/dags/databricks_dag.py
[2026-04-23T15:42:31.863+0000] {processor.py:914} INFO - Processing file /opt/airflow/dags/databricks_dag.py for tasks to queue
[2026-04-23T15:42:31.867+0000] {logging_mixin.py:190} INFO - [2026-04-23T15:42:31.866+0000] {dagbag.py:587} INFO - Filling up the DagBag from /opt/airflow/dags/databricks_dag.py
[2026-04-23T15:42:31.952+0000] {processor.py:925} INFO - DAG(s) 'trigger_databricks_job' retrieved from /opt/airflow/dags/databricks_dag.py
[2026-04-23T15:42:31.983+0000] {logging_mixin.py:190} INFO - [2026-04-23T15:42:31.983+0000] {dag.py:3211} INFO - Sync 1 DAGs
[2026-04-23T15:42:32.001+0000] {logging_mixin.py:190} INFO - [2026-04-23T15:42:32.001+0000] {dag.py:4138} INFO - Setting next_dagrun for trigger_databricks_job to None, run_after=None
[2026-04-23T15:42:32.034+0000] {processor.py:208} INFO - Processing /opt/airflow/dags/databricks_dag.py took 0.179 seconds
[2026-04-23T15:43:02.436+0000] {processor.py:186} INFO - Started process (PID=444) to work on /opt/airflow/dags/databricks_dag.py
[2026-04-23T15:43:02.439+0000] {processor.py:914} INFO - Processing file /opt/airflow/dags/databricks_dag.py for tasks to queue
[2026-04-23T15:43:02.442+0000] {logging_mixin.py:190} INFO - [2026-04-23T15:43:02.442+0000] {dagbag.py:587} INFO - Filling up the DagBag from /opt/airflow/dags/databricks_dag.py
[2026-04-23T15:43:02.506+0000] {processor.py:925} INFO - DAG(s) 'trigger_databricks_job' retrieved from /opt/airflow/dags/databricks_dag.py
[2026-04-23T15:43:02.539+0000] {logging_mixin.py:190} INFO - [2026-04-23T15:43:02.539+0000] {dag.py:3211} INFO - Sync 1 DAGs
[2026-04-23T15:43:02.556+0000] {logging_mixin.py:190} INFO - [2026-04-23T15:43:02.556+0000] {dag.py:4138} INFO - Setting next_dagrun for trigger_databricks_job to None, run_after=None
[2026-04-23T15:43:02.599+0000] {processor.py:208} INFO - Processing /opt/airflow/dags/databricks_dag.py took 0.169 seconds
[2026-04-23T15:43:33.166+0000] {processor.py:186} INFO - Started process (PID=449) to work on /opt/airflow/dags/databricks_dag.py
[2026-04-23T15:43:33.169+0000] {processor.py:914} INFO - Processing file /opt/airflow/dags/databricks_dag.py for tasks to queue
[2026-04-23T15:43:33.172+0000] {logging_mixin.py:190} INFO - [2026-04-23T15:43:33.172+0000] {dagbag.py:587} INFO - Filling up the DagBag from /opt/airflow/dags/databricks_dag.py
[2026-04-23T15:43:33.224+0000] {processor.py:925} INFO - DAG(s) 'trigger_databricks_job' retrieved from /opt/airflow/dags/databricks_dag.py
[2026-04-23T15:43:33.259+0000] {logging_mixin.py:190} INFO - [2026-04-23T15:43:33.258+0000] {dag.py:3211} INFO - Sync 1 DAGs
[2026-04-23T15:43:33.277+0000] {logging_mixin.py:190} INFO - [2026-04-23T15:43:33.276+0000] {dag.py:4138} INFO - Setting next_dagrun for trigger_databricks_job to None, run_after=None
[2026-04-23T15:43:33.303+0000] {processor.py:208} INFO - Processing /opt/airflow/dags/databricks_dag.py took 0.142 seconds
[2026-04-23T15:44:03.693+0000] {processor.py:186} INFO - Started process (PID=454) to work on /opt/airflow/dags/databricks_dag.py
[2026-04-23T15:44:03.695+0000] {processor.py:914} INFO - Processing file /opt/airflow/dags/databricks_dag.py for tasks to queue
[2026-04-23T15:44:03.698+0000] {logging_mixin.py:190} INFO - [2026-04-23T15:44:03.698+0000] {dagbag.py:587} INFO - Filling up the DagBag from /opt/airflow/dags/databricks_dag.py
[2026-04-23T15:44:03.763+0000] {processor.py:925} INFO - DAG(s) 'trigger_databricks_job' retrieved from /opt/airflow/dags/databricks_dag.py
[2026-04-23T15:44:03.794+0000] {logging_mixin.py:190} INFO - [2026-04-23T15:44:03.794+0000] {dag.py:3211} INFO - Sync 1 DAGs
[2026-04-23T15:44:03.807+0000] {logging_mixin.py:190} INFO - [2026-04-23T15:44:03.807+0000] {dag.py:4138} INFO - Setting next_dagrun for trigger_databricks_job to None, run_after=None
[2026-04-23T15:44:03.838+0000] {processor.py:208} INFO - Processing /opt/airflow/dags/databricks_dag.py took 0.151 seconds
[2026-04-23T15:44:34.423+0000] {processor.py:186} INFO - Started process (PID=459) to work on /opt/airflow/dags/databricks_dag.py
[2026-04-23T15:44:34.425+0000] {processor.py:914} INFO - Processing file /opt/airflow/dags/databricks_dag.py for tasks to queue
[2026-04-23T15:44:34.429+0000] {logging_mixin.py:190} INFO - [2026-04-23T15:44:34.429+0000] {dagbag.py:587} INFO - Filling up the DagBag from /opt/airflow/dags/databricks_dag.py
[2026-04-23T15:44:34.517+0000] {processor.py:925} INFO - DAG(s) 'trigger_databricks_job' retrieved from /opt/airflow/dags/databricks_dag.py
[2026-04-23T15:44:34.555+0000] {logging_mixin.py:190} INFO - [2026-04-23T15:44:34.555+0000] {dag.py:3211} INFO - Sync 1 DAGs
[2026-04-23T15:44:34.570+0000] {logging_mixin.py:190} INFO - [2026-04-23T15:44:34.570+0000] {dag.py:4138} INFO - Setting next_dagrun for trigger_databricks_job to None, run_after=None
[2026-04-23T15:44:34.602+0000] {processor.py:208} INFO - Processing /opt/airflow/dags/databricks_dag.py took 0.186 seconds
[2026-04-23T15:45:04.866+0000] {processor.py:186} INFO - Started process (PID=464) to work on /opt/airflow/dags/databricks_dag.py
[2026-04-23T15:45:04.868+0000] {processor.py:914} INFO - Processing file /opt/airflow/dags/databricks_dag.py for tasks to queue
[2026-04-23T15:45:04.872+0000] {logging_mixin.py:190} INFO - [2026-04-23T15:45:04.872+0000] {dagbag.py:587} INFO - Filling up the DagBag from /opt/airflow/dags/databricks_dag.py
[2026-04-23T15:45:04.953+0000] {processor.py:925} INFO - DAG(s) 'trigger_databricks_job' retrieved from /opt/airflow/dags/databricks_dag.py
[2026-04-23T15:45:04.985+0000] {logging_mixin.py:190} INFO - [2026-04-23T15:45:04.985+0000] {dag.py:3211} INFO - Sync 1 DAGs
[2026-04-23T15:45:05.000+0000] {logging_mixin.py:190} INFO - [2026-04-23T15:45:05.000+0000] {dag.py:4138} INFO - Setting next_dagrun for trigger_databricks_job to None, run_after=None
[2026-04-23T15:45:05.029+0000] {processor.py:208} INFO - Processing /opt/airflow/dags/databricks_dag.py took 0.170 seconds
[2026-04-23T15:45:35.482+0000] {processor.py:186} INFO - Started process (PID=469) to work on /opt/airflow/dags/databricks_dag.py
[2026-04-23T15:45:35.483+0000] {processor.py:914} INFO - Processing file /opt/airflow/dags/databricks_dag.py for tasks to queue
[2026-04-23T15:45:35.484+0000] {logging_mixin.py:190} INFO - [2026-04-23T15:45:35.484+0000] {dagbag.py:587} INFO - Filling up the DagBag from /opt/airflow/dags/databricks_dag.py
[2026-04-23T15:45:35.504+0000] {processor.py:925} INFO - DAG(s) 'trigger_databricks_job' retrieved from /opt/airflow/dags/databricks_dag.py
[2026-04-23T15:45:35.524+0000] {logging_mixin.py:190} INFO - [2026-04-23T15:45:35.524+0000] {dag.py:3211} INFO - Sync 1 DAGs
[2026-04-23T15:45:35.536+0000] {logging_mixin.py:190} INFO - [2026-04-23T15:45:35.535+0000] {dag.py:4138} INFO - Setting next_dagrun for trigger_databricks_job to None, run_after=None
[2026-04-23T15:45:35.564+0000] {processor.py:208} INFO - Processing /opt/airflow/dags/databricks_dag.py took 0.086 seconds
[2026-04-23T15:46:06.151+0000] {processor.py:186} INFO - Started process (PID=474) to work on /opt/airflow/dags/databricks_dag.py
[2026-04-23T15:46:06.152+0000] {processor.py:914} INFO - Processing file /opt/airflow/dags/databricks_dag.py for tasks to queue
[2026-04-23T15:46:06.155+0000] {logging_mixin.py:190} INFO - [2026-04-23T15:46:06.155+0000] {dagbag.py:587} INFO - Filling up the DagBag from /opt/airflow/dags/databricks_dag.py
[2026-04-23T15:46:06.181+0000] {processor.py:925} INFO - DAG(s) 'trigger_databricks_job' retrieved from /opt/airflow/dags/databricks_dag.py
[2026-04-23T15:46:06.203+0000] {logging_mixin.py:190} INFO - [2026-04-23T15:46:06.203+0000] {dag.py:3211} INFO - Sync 1 DAGs
[2026-04-23T15:46:06.214+0000] {logging_mixin.py:190} INFO - [2026-04-23T15:46:06.214+0000] {dag.py:4138} INFO - Setting next_dagrun for trigger_databricks_job to None, run_after=None
[2026-04-23T15:46:06.234+0000] {processor.py:208} INFO - Processing /opt/airflow/dags/databricks_dag.py took 0.091 seconds
[2026-04-23T15:46:36.644+0000] {processor.py:186} INFO - Started process (PID=479) to work on /opt/airflow/dags/databricks_dag.py
[2026-04-23T15:46:36.645+0000] {processor.py:914} INFO - Processing file /opt/airflow/dags/databricks_dag.py for tasks to queue
[2026-04-23T15:46:36.648+0000] {logging_mixin.py:190} INFO - [2026-04-23T15:46:36.647+0000] {dagbag.py:587} INFO - Filling up the DagBag from /opt/airflow/dags/databricks_dag.py
[2026-04-23T15:46:36.681+0000] {processor.py:925} INFO - DAG(s) 'trigger_databricks_job' retrieved from /opt/airflow/dags/databricks_dag.py
[2026-04-23T15:46:36.705+0000] {logging_mixin.py:190} INFO - [2026-04-23T15:46:36.705+0000] {dag.py:3211} INFO - Sync 1 DAGs
[2026-04-23T15:46:36.718+0000] {logging_mixin.py:190} INFO - [2026-04-23T15:46:36.717+0000] {dag.py:4138} INFO - Setting next_dagrun for trigger_databricks_job to None, run_after=None
[2026-04-23T15:46:36.740+0000] {processor.py:208} INFO - Processing /opt/airflow/dags/databricks_dag.py took 0.101 seconds
[2026-04-23T15:47:07.282+0000] {processor.py:186} INFO - Started process (PID=484) to work on /opt/airflow/dags/databricks_dag.py
[2026-04-23T15:47:07.283+0000] {processor.py:914} INFO - Processing file /opt/airflow/dags/databricks_dag.py for tasks to queue
[2026-04-23T15:47:07.287+0000] {logging_mixin.py:190} INFO - [2026-04-23T15:47:07.287+0000] {dagbag.py:587} INFO - Filling up the DagBag from /opt/airflow/dags/databricks_dag.py
[2026-04-23T15:47:07.337+0000] {processor.py:925} INFO - DAG(s) 'trigger_databricks_job' retrieved from /opt/airflow/dags/databricks_dag.py
[2026-04-23T15:47:07.371+0000] {logging_mixin.py:190} INFO - [2026-04-23T15:47:07.371+0000] {dag.py:3211} INFO - Sync 1 DAGs
[2026-04-23T15:47:07.389+0000] {logging_mixin.py:190} INFO - [2026-04-23T15:47:07.389+0000] {dag.py:4138} INFO - Setting next_dagrun for trigger_databricks_job to None, run_after=None
[2026-04-23T15:47:07.443+0000] {processor.py:208} INFO - Processing /opt/airflow/dags/databricks_dag.py took 0.167 seconds
[2026-04-23T15:47:37.715+0000] {processor.py:186} INFO - Started process (PID=489) to work on /opt/airflow/dags/databricks_dag.py
[2026-04-23T15:47:37.716+0000] {processor.py:914} INFO - Processing file /opt/airflow/dags/databricks_dag.py for tasks to queue
[2026-04-23T15:47:37.718+0000] {logging_mixin.py:190} INFO - [2026-04-23T15:47:37.718+0000] {dagbag.py:587} INFO - Filling up the DagBag from /opt/airflow/dags/databricks_dag.py
[2026-04-23T15:47:37.737+0000] {processor.py:925} INFO - DAG(s) 'trigger_databricks_job' retrieved from /opt/airflow/dags/databricks_dag.py
[2026-04-23T15:47:37.769+0000] {logging_mixin.py:190} INFO - [2026-04-23T15:47:37.768+0000] {dag.py:3211} INFO - Sync 1 DAGs
[2026-04-23T15:47:37.781+0000] {logging_mixin.py:190} INFO - [2026-04-23T15:47:37.781+0000] {dag.py:4138} INFO - Setting next_dagrun for trigger_databricks_job to None, run_after=None
[2026-04-23T15:47:37.799+0000] {processor.py:208} INFO - Processing /opt/airflow/dags/databricks_dag.py took 0.090 seconds
[2026-04-23T15:48:08.264+0000] {processor.py:186} INFO - Started process (PID=494) to work on /opt/airflow/dags/databricks_dag.py
[2026-04-23T15:48:08.267+0000] {processor.py:914} INFO - Processing file /opt/airflow/dags/databricks_dag.py for tasks to queue
[2026-04-23T15:48:08.270+0000] {logging_mixin.py:190} INFO - [2026-04-23T15:48:08.270+0000] {dagbag.py:587} INFO - Filling up the DagBag from /opt/airflow/dags/databricks_dag.py
[2026-04-23T15:48:08.307+0000] {processor.py:925} INFO - DAG(s) 'trigger_databricks_job' retrieved from /opt/airflow/dags/databricks_dag.py
[2026-04-23T15:48:08.337+0000] {logging_mixin.py:190} INFO - [2026-04-23T15:48:08.337+0000] {dag.py:3211} INFO - Sync 1 DAGs
[2026-04-23T15:48:08.350+0000] {logging_mixin.py:190} INFO - [2026-04-23T15:48:08.350+0000] {dag.py:4138} INFO - Setting next_dagrun for trigger_databricks_job to None, run_after=None
[2026-04-23T15:48:08.373+0000] {processor.py:208} INFO - Processing /opt/airflow/dags/databricks_dag.py took 0.115 seconds
[2026-04-23T15:48:38.838+0000] {processor.py:186} INFO - Started process (PID=499) to work on /opt/airflow/dags/databricks_dag.py
[2026-04-23T15:48:38.840+0000] {processor.py:914} INFO - Processing file /opt/airflow/dags/databricks_dag.py for tasks to queue
[2026-04-23T15:48:38.843+0000] {logging_mixin.py:190} INFO - [2026-04-23T15:48:38.843+0000] {dagbag.py:587} INFO - Filling up the DagBag from /opt/airflow/dags/databricks_dag.py
[2026-04-23T15:48:38.928+0000] {processor.py:925} INFO - DAG(s) 'trigger_databricks_job' retrieved from /opt/airflow/dags/databricks_dag.py
[2026-04-23T15:48:38.959+0000] {logging_mixin.py:190} INFO - [2026-04-23T15:48:38.959+0000] {dag.py:3211} INFO - Sync 1 DAGs
[2026-04-23T15:48:38.975+0000] {logging_mixin.py:190} INFO - [2026-04-23T15:48:38.975+0000] {dag.py:4138} INFO - Setting next_dagrun for trigger_databricks_job to None, run_after=None
[2026-04-23T15:48:39.007+0000] {processor.py:208} INFO - Processing /opt/airflow/dags/databricks_dag.py took 0.175 seconds
[2026-04-23T15:49:09.428+0000] {processor.py:186} INFO - Started process (PID=504) to work on /opt/airflow/dags/databricks_dag.py
[2026-04-23T15:49:09.430+0000] {processor.py:914} INFO - Processing file /opt/airflow/dags/databricks_dag.py for tasks to queue
[2026-04-23T15:49:09.433+0000] {logging_mixin.py:190} INFO - [2026-04-23T15:49:09.432+0000] {dagbag.py:587} INFO - Filling up the DagBag from /opt/airflow/dags/databricks_dag.py
[2026-04-23T15:49:09.544+0000] {processor.py:925} INFO - DAG(s) 'trigger_databricks_job' retrieved from /opt/airflow/dags/databricks_dag.py
[2026-04-23T15:49:09.567+0000] {logging_mixin.py:190} INFO - [2026-04-23T15:49:09.567+0000] {dag.py:3211} INFO - Sync 1 DAGs
[2026-04-23T15:49:09.578+0000] {logging_mixin.py:190} INFO - [2026-04-23T15:49:09.578+0000] {dag.py:4138} INFO - Setting next_dagrun for trigger_databricks_job to None, run_after=None
[2026-04-23T15:49:09.599+0000] {processor.py:208} INFO - Processing /opt/airflow/dags/databricks_dag.py took 0.178 seconds
[2026-04-23T15:49:26.944+0000] {processor.py:186} INFO - Started process (PID=509) to work on /opt/airflow/dags/databricks_dag.py
[2026-04-23T15:49:26.945+0000] {processor.py:914} INFO - Processing file /opt/airflow/dags/databricks_dag.py for tasks to queue
[2026-04-23T15:49:26.948+0000] {logging_mixin.py:190} INFO - [2026-04-23T15:49:26.948+0000] {dagbag.py:587} INFO - Filling up the DagBag from /opt/airflow/dags/databricks_dag.py
[2026-04-23T15:49:26.983+0000] {processor.py:925} INFO - DAG(s) 'trigger_databricks_job' retrieved from /opt/airflow/dags/databricks_dag.py
[2026-04-23T15:49:27.080+0000] {logging_mixin.py:190} INFO - [2026-04-23T15:49:27.080+0000] {dag.py:3211} INFO - Sync 1 DAGs
[2026-04-23T15:49:27.094+0000] {logging_mixin.py:190} INFO - [2026-04-23T15:49:27.093+0000] {dag.py:4138} INFO - Setting next_dagrun for trigger_databricks_job to None, run_after=None
[2026-04-23T15:49:27.268+0000] {processor.py:208} INFO - Processing /opt/airflow/dags/databricks_dag.py took 0.328 seconds
[2026-04-23T15:49:57.767+0000] {processor.py:186} INFO - Started process (PID=514) to work on /opt/airflow/dags/databricks_dag.py
[2026-04-23T15:49:57.774+0000] {processor.py:914} INFO - Processing file /opt/airflow/dags/databricks_dag.py for tasks to queue
[2026-04-23T15:49:57.778+0000] {logging_mixin.py:190} INFO - [2026-04-23T15:49:57.777+0000] {dagbag.py:587} INFO - Filling up the DagBag from /opt/airflow/dags/databricks_dag.py
[2026-04-23T15:49:57.810+0000] {processor.py:925} INFO - DAG(s) 'trigger_databricks_job' retrieved from /opt/airflow/dags/databricks_dag.py
[2026-04-23T15:49:57.842+0000] {logging_mixin.py:190} INFO - [2026-04-23T15:49:57.842+0000] {dag.py:3211} INFO - Sync 1 DAGs
[2026-04-23T15:49:57.856+0000] {logging_mixin.py:190} INFO - [2026-04-23T15:49:57.855+0000] {dag.py:4138} INFO - Setting next_dagrun for trigger_databricks_job to None, run_after=None
[2026-04-23T15:49:57.877+0000] {processor.py:208} INFO - Processing /opt/airflow/dags/databricks_dag.py took 0.119 seconds
[2026-04-23T15:50:28.329+0000] {processor.py:186} INFO - Started process (PID=519) to work on /opt/airflow/dags/databricks_dag.py
[2026-04-23T15:50:28.331+0000] {processor.py:914} INFO - Processing file /opt/airflow/dags/databricks_dag.py for tasks to queue
[2026-04-23T15:50:28.335+0000] {logging_mixin.py:190} INFO - [2026-04-23T15:50:28.335+0000] {dagbag.py:587} INFO - Filling up the DagBag from /opt/airflow/dags/databricks_dag.py
[2026-04-23T15:50:28.408+0000] {processor.py:925} INFO - DAG(s) 'trigger_databricks_job' retrieved from /opt/airflow/dags/databricks_dag.py
[2026-04-23T15:50:28.444+0000] {logging_mixin.py:190} INFO - [2026-04-23T15:50:28.444+0000] {dag.py:3211} INFO - Sync 1 DAGs
[2026-04-23T15:50:28.455+0000] {logging_mixin.py:190} INFO - [2026-04-23T15:50:28.455+0000] {dag.py:4138} INFO - Setting next_dagrun for trigger_databricks_job to None, run_after=None
[2026-04-23T15:50:28.484+0000] {processor.py:208} INFO - Processing /opt/airflow/dags/databricks_dag.py took 0.161 seconds
[2026-04-23T15:50:59.005+0000] {processor.py:186} INFO - Started process (PID=524) to work on /opt/airflow/dags/databricks_dag.py
[2026-04-23T15:50:59.007+0000] {processor.py:914} INFO - Processing file /opt/airflow/dags/databricks_dag.py for tasks to queue
[2026-04-23T15:50:59.011+0000] {logging_mixin.py:190} INFO - [2026-04-23T15:50:59.010+0000] {dagbag.py:587} INFO - Filling up the DagBag from /opt/airflow/dags/databricks_dag.py
[2026-04-23T15:50:59.093+0000] {processor.py:925} INFO - DAG(s) 'trigger_databricks_job' retrieved from /opt/airflow/dags/databricks_dag.py
[2026-04-23T15:50:59.123+0000] {logging_mixin.py:190} INFO - [2026-04-23T15:50:59.122+0000] {dag.py:3211} INFO - Sync 1 DAGs
[2026-04-23T15:50:59.139+0000] {logging_mixin.py:190} INFO - [2026-04-23T15:50:59.139+0000] {dag.py:4138} INFO - Setting next_dagrun for trigger_databricks_job to None, run_after=None
[2026-04-23T15:50:59.167+0000] {processor.py:208} INFO - Processing /opt/airflow/dags/databricks_dag.py took 0.168 seconds
[2026-04-23T15:51:29.594+0000] {processor.py:186} INFO - Started process (PID=532) to work on /opt/airflow/dags/databricks_dag.py
[2026-04-23T15:51:29.596+0000] {processor.py:914} INFO - Processing file /opt/airflow/dags/databricks_dag.py for tasks to queue
[2026-04-23T15:51:29.599+0000] {logging_mixin.py:190} INFO - [2026-04-23T15:51:29.599+0000] {dagbag.py:587} INFO - Filling up the DagBag from /opt/airflow/dags/databricks_dag.py
[2026-04-23T15:51:29.671+0000] {processor.py:925} INFO - DAG(s) 'trigger_databricks_job' retrieved from /opt/airflow/dags/databricks_dag.py
[2026-04-23T15:51:29.704+0000] {logging_mixin.py:190} INFO - [2026-04-23T15:51:29.703+0000] {dag.py:3211} INFO - Sync 1 DAGs
[2026-04-23T15:51:29.725+0000] {logging_mixin.py:190} INFO - [2026-04-23T15:51:29.724+0000] {dag.py:4138} INFO - Setting next_dagrun for trigger_databricks_job to None, run_after=None
[2026-04-23T15:51:29.761+0000] {processor.py:208} INFO - Processing /opt/airflow/dags/databricks_dag.py took 0.173 seconds
[2026-04-23T15:52:00.078+0000] {processor.py:186} INFO - Started process (PID=537) to work on /opt/airflow/dags/databricks_dag.py
[2026-04-23T15:52:00.080+0000] {processor.py:914} INFO - Processing file /opt/airflow/dags/databricks_dag.py for tasks to queue
[2026-04-23T15:52:00.089+0000] {logging_mixin.py:190} INFO - [2026-04-23T15:52:00.088+0000] {dagbag.py:587} INFO - Filling up the DagBag from /opt/airflow/dags/databricks_dag.py
[2026-04-23T15:52:00.154+0000] {processor.py:925} INFO - DAG(s) 'trigger_databricks_job' retrieved from /opt/airflow/dags/databricks_dag.py
[2026-04-23T15:52:00.180+0000] {logging_mixin.py:190} INFO - [2026-04-23T15:52:00.179+0000] {dag.py:3211} INFO - Sync 1 DAGs
[2026-04-23T15:52:00.193+0000] {logging_mixin.py:190} INFO - [2026-04-23T15:52:00.193+0000] {dag.py:4138} INFO - Setting next_dagrun for trigger_databricks_job to None, run_after=None
[2026-04-23T15:52:00.225+0000] {processor.py:208} INFO - Processing /opt/airflow/dags/databricks_dag.py took 0.154 seconds
[2026-04-23T15:52:30.680+0000] {processor.py:186} INFO - Started process (PID=542) to work on /opt/airflow/dags/databricks_dag.py
[2026-04-23T15:52:30.681+0000] {processor.py:914} INFO - Processing file /opt/airflow/dags/databricks_dag.py for tasks to queue
[2026-04-23T15:52:30.684+0000] {logging_mixin.py:190} INFO - [2026-04-23T15:52:30.683+0000] {dagbag.py:587} INFO - Filling up the DagBag from /opt/airflow/dags/databricks_dag.py
[2026-04-23T15:52:30.712+0000] {processor.py:925} INFO - DAG(s) 'trigger_databricks_job' retrieved from /opt/airflow/dags/databricks_dag.py
[2026-04-23T15:52:30.748+0000] {logging_mixin.py:190} INFO - [2026-04-23T15:52:30.748+0000] {dag.py:3211} INFO - Sync 1 DAGs
[2026-04-23T15:52:30.762+0000] {logging_mixin.py:190} INFO - [2026-04-23T15:52:30.762+0000] {dag.py:4138} INFO - Setting next_dagrun for trigger_databricks_job to None, run_after=None
[2026-04-23T15:52:30.779+0000] {processor.py:208} INFO - Processing /opt/airflow/dags/databricks_dag.py took 0.107 seconds
[2026-04-23T15:53:01.202+0000] {processor.py:186} INFO - Started process (PID=547) to work on /opt/airflow/dags/databricks_dag.py
[2026-04-23T15:53:01.204+0000] {processor.py:914} INFO - Processing file /opt/airflow/dags/databricks_dag.py for tasks to queue
[2026-04-23T15:53:01.210+0000] {logging_mixin.py:190} INFO - [2026-04-23T15:53:01.210+0000] {dagbag.py:587} INFO - Filling up the DagBag from /opt/airflow/dags/databricks_dag.py
[2026-04-23T15:53:01.261+0000] {processor.py:925} INFO - DAG(s) 'trigger_databricks_job' retrieved from /opt/airflow/dags/databricks_dag.py
[2026-04-23T15:53:01.296+0000] {logging_mixin.py:190} INFO - [2026-04-23T15:53:01.296+0000] {dag.py:3211} INFO - Sync 1 DAGs
[2026-04-23T15:53:01.322+0000] {logging_mixin.py:190} INFO - [2026-04-23T15:53:01.321+0000] {dag.py:4138} INFO - Setting next_dagrun for trigger_databricks_job to None, run_after=None
[2026-04-23T15:53:01.363+0000] {processor.py:208} INFO - Processing /opt/airflow/dags/databricks_dag.py took 0.167 seconds
[2026-04-23T15:53:31.549+0000] {processor.py:186} INFO - Started process (PID=552) to work on /opt/airflow/dags/databricks_dag.py
[2026-04-23T15:53:31.550+0000] {processor.py:914} INFO - Processing file /opt/airflow/dags/databricks_dag.py for tasks to queue
[2026-04-23T15:53:31.553+0000] {logging_mixin.py:190} INFO - [2026-04-23T15:53:31.553+0000] {dagbag.py:587} INFO - Filling up the DagBag from /opt/airflow/dags/databricks_dag.py
[2026-04-23T15:53:31.592+0000] {processor.py:925} INFO - DAG(s) 'trigger_databricks_job' retrieved from /opt/airflow/dags/databricks_dag.py
[2026-04-23T15:53:31.619+0000] {logging_mixin.py:190} INFO - [2026-04-23T15:53:31.619+0000] {dag.py:3211} INFO - Sync 1 DAGs
[2026-04-23T15:53:31.635+0000] {logging_mixin.py:190} INFO - [2026-04-23T15:53:31.635+0000] {dag.py:4138} INFO - Setting next_dagrun for trigger_databricks_job to None, run_after=None
[2026-04-23T15:53:31.653+0000] {processor.py:208} INFO - Processing /opt/airflow/dags/databricks_dag.py took 0.110 seconds
[2026-04-23T15:54:02.003+0000] {processor.py:186} INFO - Started process (PID=557) to work on /opt/airflow/dags/databricks_dag.py
[2026-04-23T15:54:02.010+0000] {processor.py:914} INFO - Processing file /opt/airflow/dags/databricks_dag.py for tasks to queue
[2026-04-23T15:54:02.014+0000] {logging_mixin.py:190} INFO - [2026-04-23T15:54:02.014+0000] {dagbag.py:587} INFO - Filling up the DagBag from /opt/airflow/dags/databricks_dag.py
[2026-04-23T15:54:02.053+0000] {processor.py:925} INFO - DAG(s) 'trigger_databricks_job' retrieved from /opt/airflow/dags/databricks_dag.py
[2026-04-23T15:54:02.079+0000] {logging_mixin.py:190} INFO - [2026-04-23T15:54:02.079+0000] {dag.py:3211} INFO - Sync 1 DAGs
[2026-04-23T15:54:02.090+0000] {logging_mixin.py:190} INFO - [2026-04-23T15:54:02.090+0000] {dag.py:4138} INFO - Setting next_dagrun for trigger_databricks_job to None, run_after=None
[2026-04-23T15:54:02.114+0000] {processor.py:208} INFO - Processing /opt/airflow/dags/databricks_dag.py took 0.117 seconds
[2026-04-23T15:54:32.538+0000] {processor.py:186} INFO - Started process (PID=562) to work on /opt/airflow/dags/databricks_dag.py
[2026-04-23T15:54:32.540+0000] {processor.py:914} INFO - Processing file /opt/airflow/dags/databricks_dag.py for tasks to queue
[2026-04-23T15:54:32.543+0000] {logging_mixin.py:190} INFO - [2026-04-23T15:54:32.543+0000] {dagbag.py:587} INFO - Filling up the DagBag from /opt/airflow/dags/databricks_dag.py
[2026-04-23T15:54:32.633+0000] {processor.py:925} INFO - DAG(s) 'trigger_databricks_job' retrieved from /opt/airflow/dags/databricks_dag.py
[2026-04-23T15:54:32.664+0000] {logging_mixin.py:190} INFO - [2026-04-23T15:54:32.664+0000] {dag.py:3211} INFO - Sync 1 DAGs
[2026-04-23T15:54:32.681+0000] {logging_mixin.py:190} INFO - [2026-04-23T15:54:32.681+0000] {dag.py:4138} INFO - Setting next_dagrun for trigger_databricks_job to None, run_after=None
[2026-04-23T15:54:32.710+0000] {processor.py:208} INFO - Processing /opt/airflow/dags/databricks_dag.py took 0.179 seconds
[2026-04-23T15:55:02.880+0000] {processor.py:186} INFO - Started process (PID=567) to work on /opt/airflow/dags/databricks_dag.py
[2026-04-23T15:55:02.882+0000] {processor.py:914} INFO - Processing file /opt/airflow/dags/databricks_dag.py for tasks to queue
[2026-04-23T15:55:02.884+0000] {logging_mixin.py:190} INFO - [2026-04-23T15:55:02.884+0000] {dagbag.py:587} INFO - Filling up the DagBag from /opt/airflow/dags/databricks_dag.py
[2026-04-23T15:55:02.909+0000] {processor.py:925} INFO - DAG(s) 'trigger_databricks_job' retrieved from /opt/airflow/dags/databricks_dag.py
[2026-04-23T15:55:02.936+0000] {logging_mixin.py:190} INFO - [2026-04-23T15:55:02.936+0000] {dag.py:3211} INFO - Sync 1 DAGs
[2026-04-23T15:55:02.948+0000] {logging_mixin.py:190} INFO - [2026-04-23T15:55:02.948+0000] {dag.py:4138} INFO - Setting next_dagrun for trigger_databricks_job to None, run_after=None
[2026-04-23T15:55:02.966+0000] {processor.py:208} INFO - Processing /opt/airflow/dags/databricks_dag.py took 0.091 seconds
[2026-04-23T15:55:33.318+0000] {processor.py:186} INFO - Started process (PID=572) to work on /opt/airflow/dags/databricks_dag.py
[2026-04-23T15:55:33.320+0000] {processor.py:914} INFO - Processing file /opt/airflow/dags/databricks_dag.py for tasks to queue
[2026-04-23T15:55:33.324+0000] {logging_mixin.py:190} INFO - [2026-04-23T15:55:33.323+0000] {dagbag.py:587} INFO - Filling up the DagBag from /opt/airflow/dags/databricks_dag.py
[2026-04-23T15:55:33.390+0000] {processor.py:925} INFO - DAG(s) 'trigger_databricks_job' retrieved from /opt/airflow/dags/databricks_dag.py
[2026-04-23T15:55:33.423+0000] {logging_mixin.py:190} INFO - [2026-04-23T15:55:33.423+0000] {dag.py:3211} INFO - Sync 1 DAGs
[2026-04-23T15:55:33.441+0000] {logging_mixin.py:190} INFO - [2026-04-23T15:55:33.440+0000] {dag.py:4138} INFO - Setting next_dagrun for trigger_databricks_job to None, run_after=None
[2026-04-23T15:55:33.487+0000] {processor.py:208} INFO - Processing /opt/airflow/dags/databricks_dag.py took 0.176 seconds
[2026-04-23T15:56:03.786+0000] {processor.py:186} INFO - Started process (PID=577) to work on /opt/airflow/dags/databricks_dag.py
[2026-04-23T15:56:03.789+0000] {processor.py:914} INFO - Processing file /opt/airflow/dags/databricks_dag.py for tasks to queue
[2026-04-23T15:56:03.792+0000] {logging_mixin.py:190} INFO - [2026-04-23T15:56:03.792+0000] {dagbag.py:587} INFO - Filling up the DagBag from /opt/airflow/dags/databricks_dag.py
[2026-04-23T15:56:03.877+0000] {processor.py:925} INFO - DAG(s) 'trigger_databricks_job' retrieved from /opt/airflow/dags/databricks_dag.py
[2026-04-23T15:56:03.908+0000] {logging_mixin.py:190} INFO - [2026-04-23T15:56:03.908+0000] {dag.py:3211} INFO - Sync 1 DAGs
[2026-04-23T15:56:03.919+0000] {logging_mixin.py:190} INFO - [2026-04-23T15:56:03.919+0000] {dag.py:4138} INFO - Setting next_dagrun for trigger_databricks_job to None, run_after=None
[2026-04-23T15:56:03.941+0000] {processor.py:208} INFO - Processing /opt/airflow/dags/databricks_dag.py took 0.161 seconds
[2026-04-23T15:56:30.384+0000] {processor.py:186} INFO - Started process (PID=582) to work on /opt/airflow/dags/databricks_dag.py
[2026-04-23T15:56:30.386+0000] {processor.py:914} INFO - Processing file /opt/airflow/dags/databricks_dag.py for tasks to queue
[2026-04-23T15:56:30.389+0000] {logging_mixin.py:190} INFO - [2026-04-23T15:56:30.389+0000] {dagbag.py:587} INFO - Filling up the DagBag from /opt/airflow/dags/databricks_dag.py
[2026-04-23T15:56:30.442+0000] {processor.py:925} INFO - DAG(s) 'trigger_databricks_job' retrieved from /opt/airflow/dags/databricks_dag.py
[2026-04-23T15:56:30.668+0000] {logging_mixin.py:190} INFO - [2026-04-23T15:56:30.668+0000] {dag.py:3211} INFO - Sync 1 DAGs
[2026-04-23T15:56:30.675+0000] {logging_mixin.py:190} INFO - [2026-04-23T15:56:30.675+0000] {dag.py:4138} INFO - Setting next_dagrun for trigger_databricks_job to None, run_after=None
[2026-04-23T15:56:30.702+0000] {processor.py:208} INFO - Processing /opt/airflow/dags/databricks_dag.py took 0.323 seconds
[2026-04-23T15:57:00.838+0000] {processor.py:186} INFO - Started process (PID=587) to work on /opt/airflow/dags/databricks_dag.py
[2026-04-23T15:57:00.840+0000] {processor.py:914} INFO - Processing file /opt/airflow/dags/databricks_dag.py for tasks to queue
[2026-04-23T15:57:00.842+0000] {logging_mixin.py:190} INFO - [2026-04-23T15:57:00.842+0000] {dagbag.py:587} INFO - Filling up the DagBag from /opt/airflow/dags/databricks_dag.py
[2026-04-23T15:57:00.862+0000] {processor.py:925} INFO - DAG(s) 'trigger_databricks_job' retrieved from /opt/airflow/dags/databricks_dag.py
[2026-04-23T15:57:00.884+0000] {logging_mixin.py:190} INFO - [2026-04-23T15:57:00.884+0000] {dag.py:3211} INFO - Sync 1 DAGs
[2026-04-23T15:57:00.897+0000] {logging_mixin.py:190} INFO - [2026-04-23T15:57:00.897+0000] {dag.py:4138} INFO - Setting next_dagrun for trigger_databricks_job to None, run_after=None
[2026-04-23T15:57:00.925+0000] {processor.py:208} INFO - Processing /opt/airflow/dags/databricks_dag.py took 0.093 seconds
[2026-04-23T15:57:31.383+0000] {processor.py:186} INFO - Started process (PID=592) to work on /opt/airflow/dags/databricks_dag.py
[2026-04-23T15:57:31.385+0000] {processor.py:914} INFO - Processing file /opt/airflow/dags/databricks_dag.py for tasks to queue
[2026-04-23T15:57:31.388+0000] {logging_mixin.py:190} INFO - [2026-04-23T15:57:31.388+0000] {dagbag.py:587} INFO - Filling up the DagBag from /opt/airflow/dags/databricks_dag.py
[2026-04-23T15:57:31.447+0000] {processor.py:925} INFO - DAG(s) 'trigger_databricks_job' retrieved from /opt/airflow/dags/databricks_dag.py
[2026-04-23T15:57:31.480+0000] {logging_mixin.py:190} INFO - [2026-04-23T15:57:31.479+0000] {dag.py:3211} INFO - Sync 1 DAGs
[2026-04-23T15:57:31.495+0000] {logging_mixin.py:190} INFO - [2026-04-23T15:57:31.495+0000] {dag.py:4138} INFO - Setting next_dagrun for trigger_databricks_job to None, run_after=None
[2026-04-23T15:57:31.531+0000] {processor.py:208} INFO - Processing /opt/airflow/dags/databricks_dag.py took 0.156 seconds
[2026-04-23T15:58:01.914+0000] {processor.py:186} INFO - Started process (PID=597) to work on /opt/airflow/dags/databricks_dag.py
[2026-04-23T15:58:01.916+0000] {processor.py:914} INFO - Processing file /opt/airflow/dags/databricks_dag.py for tasks to queue
[2026-04-23T15:58:01.920+0000] {logging_mixin.py:190} INFO - [2026-04-23T15:58:01.919+0000] {dagbag.py:587} INFO - Filling up the DagBag from /opt/airflow/dags/databricks_dag.py
[2026-04-23T15:58:01.990+0000] {processor.py:925} INFO - DAG(s) 'trigger_databricks_job' retrieved from /opt/airflow/dags/databricks_dag.py
[2026-04-23T15:58:02.028+0000] {logging_mixin.py:190} INFO - [2026-04-23T15:58:02.027+0000] {dag.py:3211} INFO - Sync 1 DAGs
[2026-04-23T15:58:02.049+0000] {logging_mixin.py:190} INFO - [2026-04-23T15:58:02.049+0000] {dag.py:4138} INFO - Setting next_dagrun for trigger_databricks_job to None, run_after=None
[2026-04-23T15:58:02.082+0000] {processor.py:208} INFO - Processing /opt/airflow/dags/databricks_dag.py took 0.174 seconds
[2026-04-23T15:58:32.416+0000] {processor.py:186} INFO - Started process (PID=602) to work on /opt/airflow/dags/databricks_dag.py
[2026-04-23T15:58:32.417+0000] {processor.py:914} INFO - Processing file /opt/airflow/dags/databricks_dag.py for tasks to queue
[2026-04-23T15:58:32.419+0000] {logging_mixin.py:190} INFO - [2026-04-23T15:58:32.419+0000] {dagbag.py:587} INFO - Filling up the DagBag from /opt/airflow/dags/databricks_dag.py
[2026-04-23T15:58:32.436+0000] {processor.py:925} INFO - DAG(s) 'trigger_databricks_job' retrieved from /opt/airflow/dags/databricks_dag.py
[2026-04-23T15:58:32.461+0000] {logging_mixin.py:190} INFO - [2026-04-23T15:58:32.461+0000] {dag.py:3211} INFO - Sync 1 DAGs
[2026-04-23T15:58:32.475+0000] {logging_mixin.py:190} INFO - [2026-04-23T15:58:32.475+0000] {dag.py:4138} INFO - Setting next_dagrun for trigger_databricks_job to None, run_after=None
[2026-04-23T15:58:32.506+0000] {processor.py:208} INFO - Processing /opt/airflow/dags/databricks_dag.py took 0.096 seconds
[2026-04-23T15:59:02.942+0000] {processor.py:186} INFO - Started process (PID=607) to work on /opt/airflow/dags/databricks_dag.py
[2026-04-23T15:59:02.944+0000] {processor.py:914} INFO - Processing file /opt/airflow/dags/databricks_dag.py for tasks to queue
[2026-04-23T15:59:02.947+0000] {logging_mixin.py:190} INFO - [2026-04-23T15:59:02.947+0000] {dagbag.py:587} INFO - Filling up the DagBag from /opt/airflow/dags/databricks_dag.py
[2026-04-23T15:59:02.974+0000] {processor.py:925} INFO - DAG(s) 'trigger_databricks_job' retrieved from /opt/airflow/dags/databricks_dag.py
[2026-04-23T15:59:03.001+0000] {logging_mixin.py:190} INFO - [2026-04-23T15:59:03.001+0000] {dag.py:3211} INFO - Sync 1 DAGs
[2026-04-23T15:59:03.016+0000] {logging_mixin.py:190} INFO - [2026-04-23T15:59:03.015+0000] {dag.py:4138} INFO - Setting next_dagrun for trigger_databricks_job to None, run_after=None
[2026-04-23T15:59:03.036+0000] {processor.py:208} INFO - Processing /opt/airflow/dags/databricks_dag.py took 0.100 seconds
[2026-04-23T15:59:33.500+0000] {processor.py:186} INFO - Started process (PID=612) to work on /opt/airflow/dags/databricks_dag.py
[2026-04-23T15:59:33.502+0000] {processor.py:914} INFO - Processing file /opt/airflow/dags/databricks_dag.py for tasks to queue
[2026-04-23T15:59:33.506+0000] {logging_mixin.py:190} INFO - [2026-04-23T15:59:33.506+0000] {dagbag.py:587} INFO - Filling up the DagBag from /opt/airflow/dags/databricks_dag.py
[2026-04-23T15:59:33.579+0000] {processor.py:925} INFO - DAG(s) 'trigger_databricks_job' retrieved from /opt/airflow/dags/databricks_dag.py
[2026-04-23T15:59:33.627+0000] {logging_mixin.py:190} INFO - [2026-04-23T15:59:33.627+0000] {dag.py:3211} INFO - Sync 1 DAGs
[2026-04-23T15:59:33.644+0000] {logging_mixin.py:190} INFO - [2026-04-23T15:59:33.644+0000] {dag.py:4138} INFO - Setting next_dagrun for trigger_databricks_job to None, run_after=None
[2026-04-23T15:59:33.678+0000] {processor.py:208} INFO - Processing /opt/airflow/dags/databricks_dag.py took 0.184 seconds
[2026-04-23T16:00:03.855+0000] {processor.py:186} INFO - Started process (PID=620) to work on /opt/airflow/dags/databricks_dag.py
[2026-04-23T16:00:03.856+0000] {processor.py:914} INFO - Processing file /opt/airflow/dags/databricks_dag.py for tasks to queue
[2026-04-23T16:00:03.858+0000] {logging_mixin.py:190} INFO - [2026-04-23T16:00:03.858+0000] {dagbag.py:587} INFO - Filling up the DagBag from /opt/airflow/dags/databricks_dag.py
[2026-04-23T16:00:03.876+0000] {processor.py:925} INFO - DAG(s) 'trigger_databricks_job' retrieved from /opt/airflow/dags/databricks_dag.py
[2026-04-23T16:00:03.908+0000] {logging_mixin.py:190} INFO - [2026-04-23T16:00:03.908+0000] {dag.py:3211} INFO - Sync 1 DAGs
[2026-04-23T16:00:03.922+0000] {logging_mixin.py:190} INFO - [2026-04-23T16:00:03.921+0000] {dag.py:4138} INFO - Setting next_dagrun for trigger_databricks_job to None, run_after=None
[2026-04-23T16:00:03.943+0000] {processor.py:208} INFO - Processing /opt/airflow/dags/databricks_dag.py took 0.095 seconds
[2026-04-23T16:00:36.646+0000] {processor.py:186} INFO - Started process (PID=173) to work on /opt/airflow/dags/databricks_dag.py
[2026-04-23T16:00:36.647+0000] {processor.py:914} INFO - Processing file /opt/airflow/dags/databricks_dag.py for tasks to queue
[2026-04-23T16:00:36.649+0000] {logging_mixin.py:190} INFO - [2026-04-23T16:00:36.649+0000] {dagbag.py:587} INFO - Filling up the DagBag from /opt/airflow/dags/databricks_dag.py
[2026-04-23T16:00:36.665+0000] {processor.py:925} INFO - DAG(s) 'trigger_databricks_job' retrieved from /opt/airflow/dags/databricks_dag.py
[2026-04-23T16:00:36.761+0000] {logging_mixin.py:190} INFO - [2026-04-23T16:00:36.760+0000] {override.py:1858} INFO - Created Permission View: can delete on DAG:trigger_databricks_job
[2026-04-23T16:00:36.768+0000] {logging_mixin.py:190} INFO - [2026-04-23T16:00:36.768+0000] {override.py:1858} INFO - Created Permission View: can edit on DAG:trigger_databricks_job
[2026-04-23T16:00:36.772+0000] {logging_mixin.py:190} INFO - [2026-04-23T16:00:36.772+0000] {override.py:1858} INFO - Created Permission View: can read on DAG:trigger_databricks_job
[2026-04-23T16:00:36.773+0000] {logging_mixin.py:190} INFO - [2026-04-23T16:00:36.772+0000] {dag.py:3211} INFO - Sync 1 DAGs
[2026-04-23T16:00:36.782+0000] {logging_mixin.py:190} INFO - [2026-04-23T16:00:36.782+0000] {dag.py:3234} INFO - Creating ORM DAG for trigger_databricks_job
[2026-04-23T16:00:36.783+0000] {logging_mixin.py:190} INFO - [2026-04-23T16:00:36.783+0000] {dag.py:4138} INFO - Setting next_dagrun for trigger_databricks_job to None, run_after=None
[2026-04-23T16:00:36.796+0000] {processor.py:208} INFO - Processing /opt/airflow/dags/databricks_dag.py took 0.156 seconds
[2026-04-23T16:01:07.005+0000] {processor.py:186} INFO - Started process (PID=181) to work on /opt/airflow/dags/databricks_dag.py
[2026-04-23T16:01:07.006+0000] {processor.py:914} INFO - Processing file /opt/airflow/dags/databricks_dag.py for tasks to queue
[2026-04-23T16:01:07.009+0000] {logging_mixin.py:190} INFO - [2026-04-23T16:01:07.009+0000] {dagbag.py:587} INFO - Filling up the DagBag from /opt/airflow/dags/databricks_dag.py
[2026-04-23T16:01:07.037+0000] {processor.py:925} INFO - DAG(s) 'trigger_databricks_job' retrieved from /opt/airflow/dags/databricks_dag.py
[2026-04-23T16:01:07.056+0000] {logging_mixin.py:190} INFO - [2026-04-23T16:01:07.056+0000] {dag.py:3211} INFO - Sync 1 DAGs
[2026-04-23T16:01:07.067+0000] {logging_mixin.py:190} INFO - [2026-04-23T16:01:07.066+0000] {dag.py:4138} INFO - Setting next_dagrun for trigger_databricks_job to None, run_after=None
[2026-04-23T16:01:07.090+0000] {processor.py:208} INFO - Processing /opt/airflow/dags/databricks_dag.py took 0.089 seconds
[2026-04-23T16:01:37.493+0000] {processor.py:186} INFO - Started process (PID=186) to work on /opt/airflow/dags/databricks_dag.py
[2026-04-23T16:01:37.496+0000] {processor.py:914} INFO - Processing file /opt/airflow/dags/databricks_dag.py for tasks to queue
[2026-04-23T16:01:37.501+0000] {logging_mixin.py:190} INFO - [2026-04-23T16:01:37.500+0000] {dagbag.py:587} INFO - Filling up the DagBag from /opt/airflow/dags/databricks_dag.py
[2026-04-23T16:01:37.584+0000] {processor.py:925} INFO - DAG(s) 'trigger_databricks_job' retrieved from /opt/airflow/dags/databricks_dag.py
[2026-04-23T16:01:37.622+0000] {logging_mixin.py:190} INFO - [2026-04-23T16:01:37.622+0000] {dag.py:3211} INFO - Sync 1 DAGs
[2026-04-23T16:01:37.641+0000] {logging_mixin.py:190} INFO - [2026-04-23T16:01:37.641+0000] {dag.py:4138} INFO - Setting next_dagrun for trigger_databricks_job to None, run_after=None
[2026-04-23T16:01:37.675+0000] {processor.py:208} INFO - Processing /opt/airflow/dags/databricks_dag.py took 0.191 seconds
[2026-04-23T16:02:08.113+0000] {processor.py:186} INFO - Started process (PID=191) to work on /opt/airflow/dags/databricks_dag.py
[2026-04-23T16:02:08.114+0000] {processor.py:914} INFO - Processing file /opt/airflow/dags/databricks_dag.py for tasks to queue
[2026-04-23T16:02:08.118+0000] {logging_mixin.py:190} INFO - [2026-04-23T16:02:08.117+0000] {dagbag.py:587} INFO - Filling up the DagBag from /opt/airflow/dags/databricks_dag.py
[2026-04-23T16:02:08.161+0000] {processor.py:925} INFO - DAG(s) 'trigger_databricks_job' retrieved from /opt/airflow/dags/databricks_dag.py
[2026-04-23T16:02:08.190+0000] {logging_mixin.py:190} INFO - [2026-04-23T16:02:08.189+0000] {dag.py:3211} INFO - Sync 1 DAGs
[2026-04-23T16:02:08.202+0000] {logging_mixin.py:190} INFO - [2026-04-23T16:02:08.202+0000] {dag.py:4138} INFO - Setting next_dagrun for trigger_databricks_job to None, run_after=None
[2026-04-23T16:02:08.225+0000] {processor.py:208} INFO - Processing /opt/airflow/dags/databricks_dag.py took 0.119 seconds
[2026-04-23T16:02:38.601+0000] {processor.py:186} INFO - Started process (PID=199) to work on /opt/airflow/dags/databricks_dag.py
[2026-04-23T16:02:38.603+0000] {processor.py:914} INFO - Processing file /opt/airflow/dags/databricks_dag.py for tasks to queue
[2026-04-23T16:02:38.606+0000] {logging_mixin.py:190} INFO - [2026-04-23T16:02:38.606+0000] {dagbag.py:587} INFO - Filling up the DagBag from /opt/airflow/dags/databricks_dag.py
[2026-04-23T16:02:38.678+0000] {processor.py:925} INFO - DAG(s) 'trigger_databricks_job' retrieved from /opt/airflow/dags/databricks_dag.py
[2026-04-23T16:02:38.707+0000] {logging_mixin.py:190} INFO - [2026-04-23T16:02:38.706+0000] {dag.py:3211} INFO - Sync 1 DAGs
[2026-04-23T16:02:38.728+0000] {logging_mixin.py:190} INFO - [2026-04-23T16:02:38.728+0000] {dag.py:4138} INFO - Setting next_dagrun for trigger_databricks_job to None, run_after=None
[2026-04-23T16:02:38.758+0000] {processor.py:208} INFO - Processing /opt/airflow/dags/databricks_dag.py took 0.164 seconds
[2026-04-23T16:03:09.338+0000] {processor.py:186} INFO - Started process (PID=204) to work on /opt/airflow/dags/databricks_dag.py
[2026-04-23T16:03:09.340+0000] {processor.py:914} INFO - Processing file /opt/airflow/dags/databricks_dag.py for tasks to queue
[2026-04-23T16:03:09.344+0000] {logging_mixin.py:190} INFO - [2026-04-23T16:03:09.343+0000] {dagbag.py:587} INFO - Filling up the DagBag from /opt/airflow/dags/databricks_dag.py
[2026-04-23T16:03:09.411+0000] {processor.py:925} INFO - DAG(s) 'trigger_databricks_job' retrieved from /opt/airflow/dags/databricks_dag.py
[2026-04-23T16:03:09.449+0000] {logging_mixin.py:190} INFO - [2026-04-23T16:03:09.449+0000] {dag.py:3211} INFO - Sync 1 DAGs
[2026-04-23T16:03:09.473+0000] {logging_mixin.py:190} INFO - [2026-04-23T16:03:09.473+0000] {dag.py:4138} INFO - Setting next_dagrun for trigger_databricks_job to None, run_after=None
[2026-04-23T16:03:09.505+0000] {processor.py:208} INFO - Processing /opt/airflow/dags/databricks_dag.py took 0.174 seconds
[2026-04-23T16:03:39.845+0000] {processor.py:186} INFO - Started process (PID=209) to work on /opt/airflow/dags/databricks_dag.py
[2026-04-23T16:03:39.847+0000] {processor.py:914} INFO - Processing file /opt/airflow/dags/databricks_dag.py for tasks to queue
[2026-04-23T16:03:39.850+0000] {logging_mixin.py:190} INFO - [2026-04-23T16:03:39.850+0000] {dagbag.py:587} INFO - Filling up the DagBag from /opt/airflow/dags/databricks_dag.py
[2026-04-23T16:03:39.921+0000] {processor.py:925} INFO - DAG(s) 'trigger_databricks_job' retrieved from /opt/airflow/dags/databricks_dag.py
[2026-04-23T16:03:39.965+0000] {logging_mixin.py:190} INFO - [2026-04-23T16:03:39.964+0000] {dag.py:3211} INFO - Sync 1 DAGs
[2026-04-23T16:03:39.983+0000] {logging_mixin.py:190} INFO - [2026-04-23T16:03:39.983+0000] {dag.py:4138} INFO - Setting next_dagrun for trigger_databricks_job to None, run_after=None
[2026-04-23T16:03:40.012+0000] {processor.py:208} INFO - Processing /opt/airflow/dags/databricks_dag.py took 0.173 seconds
[2026-04-23T16:04:10.522+0000] {processor.py:186} INFO - Started process (PID=214) to work on /opt/airflow/dags/databricks_dag.py
[2026-04-23T16:04:10.523+0000] {processor.py:914} INFO - Processing file /opt/airflow/dags/databricks_dag.py for tasks to queue
[2026-04-23T16:04:10.526+0000] {logging_mixin.py:190} INFO - [2026-04-23T16:04:10.525+0000] {dagbag.py:587} INFO - Filling up the DagBag from /opt/airflow/dags/databricks_dag.py
[2026-04-23T16:04:10.556+0000] {processor.py:925} INFO - DAG(s) 'trigger_databricks_job' retrieved from /opt/airflow/dags/databricks_dag.py
[2026-04-23T16:04:10.580+0000] {logging_mixin.py:190} INFO - [2026-04-23T16:04:10.579+0000] {dag.py:3211} INFO - Sync 1 DAGs
[2026-04-23T16:04:10.591+0000] {logging_mixin.py:190} INFO - [2026-04-23T16:04:10.590+0000] {dag.py:4138} INFO - Setting next_dagrun for trigger_databricks_job to None, run_after=None
[2026-04-23T16:04:10.607+0000] {processor.py:208} INFO - Processing /opt/airflow/dags/databricks_dag.py took 0.090 seconds
[2026-04-23T16:04:40.973+0000] {processor.py:186} INFO - Started process (PID=219) to work on /opt/airflow/dags/databricks_dag.py
[2026-04-23T16:04:40.974+0000] {processor.py:914} INFO - Processing file /opt/airflow/dags/databricks_dag.py for tasks to queue
[2026-04-23T16:04:40.976+0000] {logging_mixin.py:190} INFO - [2026-04-23T16:04:40.976+0000] {dagbag.py:587} INFO - Filling up the DagBag from /opt/airflow/dags/databricks_dag.py
[2026-04-23T16:04:41.001+0000] {processor.py:925} INFO - DAG(s) 'trigger_databricks_job' retrieved from /opt/airflow/dags/databricks_dag.py
[2026-04-23T16:04:41.025+0000] {logging_mixin.py:190} INFO - [2026-04-23T16:04:41.025+0000] {dag.py:3211} INFO - Sync 1 DAGs
[2026-04-23T16:04:41.037+0000] {logging_mixin.py:190} INFO - [2026-04-23T16:04:41.037+0000] {dag.py:4138} INFO - Setting next_dagrun for trigger_databricks_job to None, run_after=None
[2026-04-23T16:04:41.056+0000] {processor.py:208} INFO - Processing /opt/airflow/dags/databricks_dag.py took 0.090 seconds
[2026-04-23T16:05:11.558+0000] {processor.py:186} INFO - Started process (PID=224) to work on /opt/airflow/dags/databricks_dag.py
[2026-04-23T16:05:11.560+0000] {processor.py:914} INFO - Processing file /opt/airflow/dags/databricks_dag.py for tasks to queue
[2026-04-23T16:05:11.563+0000] {logging_mixin.py:190} INFO - [2026-04-23T16:05:11.562+0000] {dagbag.py:587} INFO - Filling up the DagBag from /opt/airflow/dags/databricks_dag.py
[2026-04-23T16:05:11.621+0000] {processor.py:925} INFO - DAG(s) 'trigger_databricks_job' retrieved from /opt/airflow/dags/databricks_dag.py
[2026-04-23T16:05:11.655+0000] {logging_mixin.py:190} INFO - [2026-04-23T16:05:11.655+0000] {dag.py:3211} INFO - Sync 1 DAGs
[2026-04-23T16:05:11.676+0000] {logging_mixin.py:190} INFO - [2026-04-23T16:05:11.676+0000] {dag.py:4138} INFO - Setting next_dagrun for trigger_databricks_job to None, run_after=None
[2026-04-23T16:05:11.704+0000] {processor.py:208} INFO - Processing /opt/airflow/dags/databricks_dag.py took 0.152 seconds
[2026-04-23T16:05:42.189+0000] {processor.py:186} INFO - Started process (PID=229) to work on /opt/airflow/dags/databricks_dag.py
[2026-04-23T16:05:42.190+0000] {processor.py:914} INFO - Processing file /opt/airflow/dags/databricks_dag.py for tasks to queue
[2026-04-23T16:05:42.195+0000] {logging_mixin.py:190} INFO - [2026-04-23T16:05:42.195+0000] {dagbag.py:587} INFO - Filling up the DagBag from /opt/airflow/dags/databricks_dag.py
[2026-04-23T16:05:42.259+0000] {processor.py:925} INFO - DAG(s) 'trigger_databricks_job' retrieved from /opt/airflow/dags/databricks_dag.py
[2026-04-23T16:05:42.299+0000] {logging_mixin.py:190} INFO - [2026-04-23T16:05:42.298+0000] {dag.py:3211} INFO - Sync 1 DAGs
[2026-04-23T16:05:42.313+0000] {logging_mixin.py:190} INFO - [2026-04-23T16:05:42.312+0000] {dag.py:4138} INFO - Setting next_dagrun for trigger_databricks_job to None, run_after=None
[2026-04-23T16:05:42.346+0000] {processor.py:208} INFO - Processing /opt/airflow/dags/databricks_dag.py took 0.163 seconds
[2026-04-23T16:06:12.699+0000] {processor.py:186} INFO - Started process (PID=237) to work on /opt/airflow/dags/databricks_dag.py
[2026-04-23T16:06:12.701+0000] {processor.py:914} INFO - Processing file /opt/airflow/dags/databricks_dag.py for tasks to queue
[2026-04-23T16:06:12.705+0000] {logging_mixin.py:190} INFO - [2026-04-23T16:06:12.704+0000] {dagbag.py:587} INFO - Filling up the DagBag from /opt/airflow/dags/databricks_dag.py
[2026-04-23T16:06:12.774+0000] {processor.py:925} INFO - DAG(s) 'trigger_databricks_job' retrieved from /opt/airflow/dags/databricks_dag.py
[2026-04-23T16:06:12.809+0000] {logging_mixin.py:190} INFO - [2026-04-23T16:06:12.809+0000] {dag.py:3211} INFO - Sync 1 DAGs
[2026-04-23T16:06:12.830+0000] {logging_mixin.py:190} INFO - [2026-04-23T16:06:12.830+0000] {dag.py:4138} INFO - Setting next_dagrun for trigger_databricks_job to None, run_after=None
[2026-04-23T16:06:12.851+0000] {processor.py:208} INFO - Processing /opt/airflow/dags/databricks_dag.py took 0.157 seconds
[2026-04-23T16:06:43.414+0000] {processor.py:186} INFO - Started process (PID=242) to work on /opt/airflow/dags/databricks_dag.py
[2026-04-23T16:06:43.416+0000] {processor.py:914} INFO - Processing file /opt/airflow/dags/databricks_dag.py for tasks to queue
[2026-04-23T16:06:43.419+0000] {logging_mixin.py:190} INFO - [2026-04-23T16:06:43.418+0000] {dagbag.py:587} INFO - Filling up the DagBag from /opt/airflow/dags/databricks_dag.py
[2026-04-23T16:06:43.506+0000] {processor.py:925} INFO - DAG(s) 'trigger_databricks_job' retrieved from /opt/airflow/dags/databricks_dag.py
[2026-04-23T16:06:43.543+0000] {logging_mixin.py:190} INFO - [2026-04-23T16:06:43.542+0000] {dag.py:3211} INFO - Sync 1 DAGs
[2026-04-23T16:06:43.555+0000] {logging_mixin.py:190} INFO - [2026-04-23T16:06:43.555+0000] {dag.py:4138} INFO - Setting next_dagrun for trigger_databricks_job to None, run_after=None
[2026-04-23T16:06:43.584+0000] {processor.py:208} INFO - Processing /opt/airflow/dags/databricks_dag.py took 0.176 seconds
[2026-04-23T16:07:13.930+0000] {processor.py:186} INFO - Started process (PID=247) to work on /opt/airflow/dags/databricks_dag.py
[2026-04-23T16:07:13.932+0000] {processor.py:914} INFO - Processing file /opt/airflow/dags/databricks_dag.py for tasks to queue
[2026-04-23T16:07:13.936+0000] {logging_mixin.py:190} INFO - [2026-04-23T16:07:13.936+0000] {dagbag.py:587} INFO - Filling up the DagBag from /opt/airflow/dags/databricks_dag.py
[2026-04-23T16:07:14.012+0000] {processor.py:925} INFO - DAG(s) 'trigger_databricks_job' retrieved from /opt/airflow/dags/databricks_dag.py
[2026-04-23T16:07:14.056+0000] {logging_mixin.py:190} INFO - [2026-04-23T16:07:14.055+0000] {dag.py:3211} INFO - Sync 1 DAGs
[2026-04-23T16:07:14.076+0000] {logging_mixin.py:190} INFO - [2026-04-23T16:07:14.076+0000] {dag.py:4138} INFO - Setting next_dagrun for trigger_databricks_job to None, run_after=None
[2026-04-23T16:07:14.098+0000] {processor.py:208} INFO - Processing /opt/airflow/dags/databricks_dag.py took 0.174 seconds
[2026-04-23T16:07:44.552+0000] {processor.py:186} INFO - Started process (PID=255) to work on /opt/airflow/dags/databricks_dag.py
[2026-04-23T16:07:44.553+0000] {processor.py:914} INFO - Processing file /opt/airflow/dags/databricks_dag.py for tasks to queue
[2026-04-23T16:07:44.557+0000] {logging_mixin.py:190} INFO - [2026-04-23T16:07:44.557+0000] {dagbag.py:587} INFO - Filling up the DagBag from /opt/airflow/dags/databricks_dag.py
[2026-04-23T16:07:44.639+0000] {processor.py:925} INFO - DAG(s) 'trigger_databricks_job' retrieved from /opt/airflow/dags/databricks_dag.py
[2026-04-23T16:07:44.669+0000] {logging_mixin.py:190} INFO - [2026-04-23T16:07:44.669+0000] {dag.py:3211} INFO - Sync 1 DAGs
[2026-04-23T16:07:44.683+0000] {logging_mixin.py:190} INFO - [2026-04-23T16:07:44.683+0000] {dag.py:4138} INFO - Setting next_dagrun for trigger_databricks_job to None, run_after=None
[2026-04-23T16:07:44.720+0000] {processor.py:208} INFO - Processing /opt/airflow/dags/databricks_dag.py took 0.175 seconds
[2026-04-23T16:08:15.020+0000] {processor.py:186} INFO - Started process (PID=260) to work on /opt/airflow/dags/databricks_dag.py
[2026-04-23T16:08:15.021+0000] {processor.py:914} INFO - Processing file /opt/airflow/dags/databricks_dag.py for tasks to queue
[2026-04-23T16:08:15.024+0000] {logging_mixin.py:190} INFO - [2026-04-23T16:08:15.024+0000] {dagbag.py:587} INFO - Filling up the DagBag from /opt/airflow/dags/databricks_dag.py
[2026-04-23T16:08:15.078+0000] {processor.py:925} INFO - DAG(s) 'trigger_databricks_job' retrieved from /opt/airflow/dags/databricks_dag.py
[2026-04-23T16:08:15.118+0000] {logging_mixin.py:190} INFO - [2026-04-23T16:08:15.118+0000] {dag.py:3211} INFO - Sync 1 DAGs
[2026-04-23T16:08:15.138+0000] {logging_mixin.py:190} INFO - [2026-04-23T16:08:15.138+0000] {dag.py:4138} INFO - Setting next_dagrun for trigger_databricks_job to None, run_after=None
[2026-04-23T16:08:15.163+0000] {processor.py:208} INFO - Processing /opt/airflow/dags/databricks_dag.py took 0.150 seconds
[2026-04-23T16:08:45.731+0000] {processor.py:186} INFO - Started process (PID=265) to work on /opt/airflow/dags/databricks_dag.py
[2026-04-23T16:08:45.733+0000] {processor.py:914} INFO - Processing file /opt/airflow/dags/databricks_dag.py for tasks to queue
[2026-04-23T16:08:45.736+0000] {logging_mixin.py:190} INFO - [2026-04-23T16:08:45.736+0000] {dagbag.py:587} INFO - Filling up the DagBag from /opt/airflow/dags/databricks_dag.py
[2026-04-23T16:08:45.777+0000] {processor.py:925} INFO - DAG(s) 'trigger_databricks_job' retrieved from /opt/airflow/dags/databricks_dag.py
[2026-04-23T16:08:45.801+0000] {logging_mixin.py:190} INFO - [2026-04-23T16:08:45.801+0000] {dag.py:3211} INFO - Sync 1 DAGs
[2026-04-23T16:08:45.815+0000] {logging_mixin.py:190} INFO - [2026-04-23T16:08:45.815+0000] {dag.py:4138} INFO - Setting next_dagrun for trigger_databricks_job to None, run_after=None
[2026-04-23T16:08:45.851+0000] {processor.py:208} INFO - Processing /opt/airflow/dags/databricks_dag.py took 0.124 seconds
[2026-04-23T16:09:16.135+0000] {processor.py:186} INFO - Started process (PID=270) to work on /opt/airflow/dags/databricks_dag.py
[2026-04-23T16:09:16.136+0000] {processor.py:914} INFO - Processing file /opt/airflow/dags/databricks_dag.py for tasks to queue
[2026-04-23T16:09:16.139+0000] {logging_mixin.py:190} INFO - [2026-04-23T16:09:16.139+0000] {dagbag.py:587} INFO - Filling up the DagBag from /opt/airflow/dags/databricks_dag.py
[2026-04-23T16:09:16.165+0000] {processor.py:925} INFO - DAG(s) 'trigger_databricks_job' retrieved from /opt/airflow/dags/databricks_dag.py
[2026-04-23T16:09:16.188+0000] {logging_mixin.py:190} INFO - [2026-04-23T16:09:16.188+0000] {dag.py:3211} INFO - Sync 1 DAGs
[2026-04-23T16:09:16.200+0000] {logging_mixin.py:190} INFO - [2026-04-23T16:09:16.200+0000] {dag.py:4138} INFO - Setting next_dagrun for trigger_databricks_job to None, run_after=None
[2026-04-23T16:09:16.228+0000] {processor.py:208} INFO - Processing /opt/airflow/dags/databricks_dag.py took 0.098 seconds
[2026-04-23T16:09:46.513+0000] {processor.py:186} INFO - Started process (PID=275) to work on /opt/airflow/dags/databricks_dag.py
[2026-04-23T16:09:46.515+0000] {processor.py:914} INFO - Processing file /opt/airflow/dags/databricks_dag.py for tasks to queue
[2026-04-23T16:09:46.518+0000] {logging_mixin.py:190} INFO - [2026-04-23T16:09:46.518+0000] {dagbag.py:587} INFO - Filling up the DagBag from /opt/airflow/dags/databricks_dag.py
[2026-04-23T16:09:46.562+0000] {processor.py:925} INFO - DAG(s) 'trigger_databricks_job' retrieved from /opt/airflow/dags/databricks_dag.py
[2026-04-23T16:09:46.587+0000] {logging_mixin.py:190} INFO - [2026-04-23T16:09:46.587+0000] {dag.py:3211} INFO - Sync 1 DAGs
[2026-04-23T16:09:46.609+0000] {logging_mixin.py:190} INFO - [2026-04-23T16:09:46.608+0000] {dag.py:4138} INFO - Setting next_dagrun for trigger_databricks_job to None, run_after=None
[2026-04-23T16:09:46.632+0000] {processor.py:208} INFO - Processing /opt/airflow/dags/databricks_dag.py took 0.124 seconds
[2026-04-23T16:10:17.170+0000] {processor.py:186} INFO - Started process (PID=280) to work on /opt/airflow/dags/databricks_dag.py
[2026-04-23T16:10:17.171+0000] {processor.py:914} INFO - Processing file /opt/airflow/dags/databricks_dag.py for tasks to queue
[2026-04-23T16:10:17.180+0000] {logging_mixin.py:190} INFO - [2026-04-23T16:10:17.178+0000] {dagbag.py:587} INFO - Filling up the DagBag from /opt/airflow/dags/databricks_dag.py
[2026-04-23T16:10:17.226+0000] {processor.py:925} INFO - DAG(s) 'trigger_databricks_job' retrieved from /opt/airflow/dags/databricks_dag.py
[2026-04-23T16:10:17.259+0000] {logging_mixin.py:190} INFO - [2026-04-23T16:10:17.259+0000] {dag.py:3211} INFO - Sync 1 DAGs
[2026-04-23T16:10:17.279+0000] {logging_mixin.py:190} INFO - [2026-04-23T16:10:17.278+0000] {dag.py:4138} INFO - Setting next_dagrun for trigger_databricks_job to None, run_after=None
[2026-04-23T16:10:17.333+0000] {processor.py:208} INFO - Processing /opt/airflow/dags/databricks_dag.py took 0.169 seconds
[2026-04-23T16:10:47.794+0000] {processor.py:186} INFO - Started process (PID=288) to work on /opt/airflow/dags/databricks_dag.py
[2026-04-23T16:10:47.796+0000] {processor.py:914} INFO - Processing file /opt/airflow/dags/databricks_dag.py for tasks to queue
[2026-04-23T16:10:47.800+0000] {logging_mixin.py:190} INFO - [2026-04-23T16:10:47.800+0000] {dagbag.py:587} INFO - Filling up the DagBag from /opt/airflow/dags/databricks_dag.py
[2026-04-23T16:10:47.876+0000] {processor.py:925} INFO - DAG(s) 'trigger_databricks_job' retrieved from /opt/airflow/dags/databricks_dag.py
[2026-04-23T16:10:47.905+0000] {logging_mixin.py:190} INFO - [2026-04-23T16:10:47.905+0000] {dag.py:3211} INFO - Sync 1 DAGs
[2026-04-23T16:10:47.919+0000] {logging_mixin.py:190} INFO - [2026-04-23T16:10:47.918+0000] {dag.py:4138} INFO - Setting next_dagrun for trigger_databricks_job to None, run_after=None
[2026-04-23T16:10:47.939+0000] {processor.py:208} INFO - Processing /opt/airflow/dags/databricks_dag.py took 0.152 seconds
[2026-04-23T16:11:18.467+0000] {processor.py:186} INFO - Started process (PID=293) to work on /opt/airflow/dags/databricks_dag.py
[2026-04-23T16:11:18.469+0000] {processor.py:914} INFO - Processing file /opt/airflow/dags/databricks_dag.py for tasks to queue
[2026-04-23T16:11:18.472+0000] {logging_mixin.py:190} INFO - [2026-04-23T16:11:18.472+0000] {dagbag.py:587} INFO - Filling up the DagBag from /opt/airflow/dags/databricks_dag.py
[2026-04-23T16:11:18.529+0000] {processor.py:925} INFO - DAG(s) 'trigger_databricks_job' retrieved from /opt/airflow/dags/databricks_dag.py
[2026-04-23T16:11:18.570+0000] {logging_mixin.py:190} INFO - [2026-04-23T16:11:18.570+0000] {dag.py:3211} INFO - Sync 1 DAGs
[2026-04-23T16:11:18.590+0000] {logging_mixin.py:190} INFO - [2026-04-23T16:11:18.590+0000] {dag.py:4138} INFO - Setting next_dagrun for trigger_databricks_job to None, run_after=None
[2026-04-23T16:11:18.684+0000] {processor.py:208} INFO - Processing /opt/airflow/dags/databricks_dag.py took 0.222 seconds
[2026-04-23T16:11:49.061+0000] {processor.py:186} INFO - Started process (PID=298) to work on /opt/airflow/dags/databricks_dag.py
[2026-04-23T16:11:49.064+0000] {processor.py:914} INFO - Processing file /opt/airflow/dags/databricks_dag.py for tasks to queue
[2026-04-23T16:11:49.075+0000] {logging_mixin.py:190} INFO - [2026-04-23T16:11:49.074+0000] {dagbag.py:587} INFO - Filling up the DagBag from /opt/airflow/dags/databricks_dag.py
[2026-04-23T16:11:49.129+0000] {processor.py:925} INFO - DAG(s) 'trigger_databricks_job' retrieved from /opt/airflow/dags/databricks_dag.py
[2026-04-23T16:11:49.168+0000] {logging_mixin.py:190} INFO - [2026-04-23T16:11:49.168+0000] {dag.py:3211} INFO - Sync 1 DAGs
[2026-04-23T16:11:49.179+0000] {logging_mixin.py:190} INFO - [2026-04-23T16:11:49.179+0000] {dag.py:4138} INFO - Setting next_dagrun for trigger_databricks_job to None, run_after=None
[2026-04-23T16:11:49.199+0000] {processor.py:208} INFO - Processing /opt/airflow/dags/databricks_dag.py took 0.146 seconds
[2026-04-23T16:12:19.674+0000] {processor.py:186} INFO - Started process (PID=303) to work on /opt/airflow/dags/databricks_dag.py
[2026-04-23T16:12:19.675+0000] {processor.py:914} INFO - Processing file /opt/airflow/dags/databricks_dag.py for tasks to queue
[2026-04-23T16:12:19.678+0000] {logging_mixin.py:190} INFO - [2026-04-23T16:12:19.678+0000] {dagbag.py:587} INFO - Filling up the DagBag from /opt/airflow/dags/databricks_dag.py
[2026-04-23T16:12:19.732+0000] {processor.py:925} INFO - DAG(s) 'trigger_databricks_job' retrieved from /opt/airflow/dags/databricks_dag.py
[2026-04-23T16:12:19.771+0000] {logging_mixin.py:190} INFO - [2026-04-23T16:12:19.770+0000] {dag.py:3211} INFO - Sync 1 DAGs
[2026-04-23T16:12:19.796+0000] {logging_mixin.py:190} INFO - [2026-04-23T16:12:19.795+0000] {dag.py:4138} INFO - Setting next_dagrun for trigger_databricks_job to None, run_after=None
[2026-04-23T16:12:19.850+0000] {processor.py:208} INFO - Processing /opt/airflow/dags/databricks_dag.py took 0.182 seconds
[2026-04-23T16:12:38.246+0000] {processor.py:186} INFO - Started process (PID=308) to work on /opt/airflow/dags/databricks_dag.py
[2026-04-23T16:12:38.247+0000] {processor.py:914} INFO - Processing file /opt/airflow/dags/databricks_dag.py for tasks to queue
[2026-04-23T16:12:38.250+0000] {logging_mixin.py:190} INFO - [2026-04-23T16:12:38.250+0000] {dagbag.py:587} INFO - Filling up the DagBag from /opt/airflow/dags/databricks_dag.py
[2026-04-23T16:12:38.292+0000] {logging_mixin.py:190} INFO - [2026-04-23T16:12:38.283+0000] {dagbag.py:386} ERROR - Failed to import: /opt/airflow/dags/databricks_dag.py
Traceback (most recent call last):
  File "/home/airflow/.local/lib/python3.12/site-packages/airflow/models/dagbag.py", line 382, in parse
    loader.exec_module(new_module)
  File "<frozen importlib._bootstrap_external>", line 995, in exec_module
  File "<frozen importlib._bootstrap>", line 488, in _call_with_frames_removed
  File "/opt/airflow/dags/databricks_dag.py", line 34, in <module>
    ingest_from_landing >> create_gold_layer
    ^^^^^^^^^^^^^^^^^^^
NameError: name 'ingest_from_landing' is not defined
[2026-04-23T16:12:38.296+0000] {processor.py:927} WARNING - No viable dags retrieved from /opt/airflow/dags/databricks_dag.py
[2026-04-23T16:12:38.316+0000] {processor.py:208} INFO - Processing /opt/airflow/dags/databricks_dag.py took 0.076 seconds
[2026-04-23T16:12:40.316+0000] {processor.py:186} INFO - Started process (PID=313) to work on /opt/airflow/dags/databricks_dag.py
[2026-04-23T16:12:40.325+0000] {processor.py:914} INFO - Processing file /opt/airflow/dags/databricks_dag.py for tasks to queue
[2026-04-23T16:12:40.346+0000] {logging_mixin.py:190} INFO - [2026-04-23T16:12:40.345+0000] {dagbag.py:587} INFO - Filling up the DagBag from /opt/airflow/dags/databricks_dag.py
[2026-04-23T16:12:40.385+0000] {logging_mixin.py:190} INFO - [2026-04-23T16:12:40.378+0000] {dagbag.py:386} ERROR - Failed to import: /opt/airflow/dags/databricks_dag.py
Traceback (most recent call last):
  File "/home/airflow/.local/lib/python3.12/site-packages/airflow/models/dagbag.py", line 382, in parse
    loader.exec_module(new_module)
  File "<frozen importlib._bootstrap_external>", line 995, in exec_module
  File "<frozen importlib._bootstrap>", line 488, in _call_with_frames_removed
  File "/opt/airflow/dags/databricks_dag.py", line 28, in <module>
    ingest_from_landing >> create_gold_layer
    ^^^^^^^^^^^^^^^^^^^
NameError: name 'ingest_from_landing' is not defined
[2026-04-23T16:12:40.388+0000] {processor.py:927} WARNING - No viable dags retrieved from /opt/airflow/dags/databricks_dag.py
[2026-04-23T16:12:40.413+0000] {processor.py:208} INFO - Processing /opt/airflow/dags/databricks_dag.py took 0.102 seconds
[2026-04-23T16:12:43.448+0000] {processor.py:186} INFO - Started process (PID=318) to work on /opt/airflow/dags/databricks_dag.py
[2026-04-23T16:12:43.450+0000] {processor.py:914} INFO - Processing file /opt/airflow/dags/databricks_dag.py for tasks to queue
[2026-04-23T16:12:43.452+0000] {logging_mixin.py:190} INFO - [2026-04-23T16:12:43.451+0000] {dagbag.py:587} INFO - Filling up the DagBag from /opt/airflow/dags/databricks_dag.py
[2026-04-23T16:12:43.490+0000] {processor.py:925} INFO - DAG(s) 'trigger_databricks_job' retrieved from /opt/airflow/dags/databricks_dag.py
[2026-04-23T16:12:43.589+0000] {logging_mixin.py:190} INFO - [2026-04-23T16:12:43.588+0000] {dag.py:3211} INFO - Sync 1 DAGs
[2026-04-23T16:12:43.621+0000] {logging_mixin.py:190} INFO - [2026-04-23T16:12:43.621+0000] {dag.py:4138} INFO - Setting next_dagrun for trigger_databricks_job to None, run_after=None
[2026-04-23T16:12:43.653+0000] {processor.py:208} INFO - Processing /opt/airflow/dags/databricks_dag.py took 0.210 seconds
[2026-04-23T16:13:19.203+0000] {processor.py:186} INFO - Started process (PID=173) to work on /opt/airflow/dags/databricks_dag.py
[2026-04-23T16:13:19.205+0000] {processor.py:914} INFO - Processing file /opt/airflow/dags/databricks_dag.py for tasks to queue
[2026-04-23T16:13:19.209+0000] {logging_mixin.py:190} INFO - [2026-04-23T16:13:19.209+0000] {dagbag.py:587} INFO - Filling up the DagBag from /opt/airflow/dags/databricks_dag.py
[2026-04-23T16:13:19.235+0000] {processor.py:925} INFO - DAG(s) 'trigger_databricks_job' retrieved from /opt/airflow/dags/databricks_dag.py
[2026-04-23T16:13:19.360+0000] {logging_mixin.py:190} INFO - [2026-04-23T16:13:19.359+0000] {override.py:1858} INFO - Created Permission View: can delete on DAG:trigger_databricks_job
[2026-04-23T16:13:19.382+0000] {logging_mixin.py:190} INFO - [2026-04-23T16:13:19.382+0000] {override.py:1858} INFO - Created Permission View: can edit on DAG:trigger_databricks_job
[2026-04-23T16:13:19.390+0000] {logging_mixin.py:190} INFO - [2026-04-23T16:13:19.389+0000] {override.py:1858} INFO - Created Permission View: can read on DAG:trigger_databricks_job
[2026-04-23T16:13:19.390+0000] {logging_mixin.py:190} INFO - [2026-04-23T16:13:19.390+0000] {dag.py:3211} INFO - Sync 1 DAGs
[2026-04-23T16:13:19.405+0000] {logging_mixin.py:190} INFO - [2026-04-23T16:13:19.405+0000] {dag.py:3234} INFO - Creating ORM DAG for trigger_databricks_job
[2026-04-23T16:13:19.406+0000] {logging_mixin.py:190} INFO - [2026-04-23T16:13:19.406+0000] {dag.py:4138} INFO - Setting next_dagrun for trigger_databricks_job to None, run_after=None
[2026-04-23T16:13:19.423+0000] {processor.py:208} INFO - Processing /opt/airflow/dags/databricks_dag.py took 0.228 seconds
[2026-04-23T16:13:49.712+0000] {processor.py:186} INFO - Started process (PID=178) to work on /opt/airflow/dags/databricks_dag.py
[2026-04-23T16:13:49.714+0000] {processor.py:914} INFO - Processing file /opt/airflow/dags/databricks_dag.py for tasks to queue
[2026-04-23T16:13:49.718+0000] {logging_mixin.py:190} INFO - [2026-04-23T16:13:49.717+0000] {dagbag.py:587} INFO - Filling up the DagBag from /opt/airflow/dags/databricks_dag.py
[2026-04-23T16:13:49.776+0000] {processor.py:925} INFO - DAG(s) 'trigger_databricks_job' retrieved from /opt/airflow/dags/databricks_dag.py
[2026-04-23T16:13:49.809+0000] {logging_mixin.py:190} INFO - [2026-04-23T16:13:49.809+0000] {dag.py:3211} INFO - Sync 1 DAGs
[2026-04-23T16:13:49.829+0000] {logging_mixin.py:190} INFO - [2026-04-23T16:13:49.829+0000] {dag.py:4138} INFO - Setting next_dagrun for trigger_databricks_job to None, run_after=None
[2026-04-23T16:13:49.859+0000] {processor.py:208} INFO - Processing /opt/airflow/dags/databricks_dag.py took 0.157 seconds
[2026-04-23T16:14:20.283+0000] {processor.py:186} INFO - Started process (PID=186) to work on /opt/airflow/dags/databricks_dag.py
[2026-04-23T16:14:20.285+0000] {processor.py:914} INFO - Processing file /opt/airflow/dags/databricks_dag.py for tasks to queue
[2026-04-23T16:14:20.290+0000] {logging_mixin.py:190} INFO - [2026-04-23T16:14:20.290+0000] {dagbag.py:587} INFO - Filling up the DagBag from /opt/airflow/dags/databricks_dag.py
[2026-04-23T16:14:20.374+0000] {processor.py:925} INFO - DAG(s) 'trigger_databricks_job' retrieved from /opt/airflow/dags/databricks_dag.py
[2026-04-23T16:14:20.410+0000] {logging_mixin.py:190} INFO - [2026-04-23T16:14:20.409+0000] {dag.py:3211} INFO - Sync 1 DAGs
[2026-04-23T16:14:20.431+0000] {logging_mixin.py:190} INFO - [2026-04-23T16:14:20.430+0000] {dag.py:4138} INFO - Setting next_dagrun for trigger_databricks_job to None, run_after=None
[2026-04-23T16:14:20.471+0000] {processor.py:208} INFO - Processing /opt/airflow/dags/databricks_dag.py took 0.199 seconds
[2026-04-23T16:14:50.773+0000] {processor.py:186} INFO - Started process (PID=191) to work on /opt/airflow/dags/databricks_dag.py
[2026-04-23T16:14:50.775+0000] {processor.py:914} INFO - Processing file /opt/airflow/dags/databricks_dag.py for tasks to queue
[2026-04-23T16:14:50.778+0000] {logging_mixin.py:190} INFO - [2026-04-23T16:14:50.777+0000] {dagbag.py:587} INFO - Filling up the DagBag from /opt/airflow/dags/databricks_dag.py
[2026-04-23T16:14:50.823+0000] {processor.py:925} INFO - DAG(s) 'trigger_databricks_job' retrieved from /opt/airflow/dags/databricks_dag.py
[2026-04-23T16:14:50.854+0000] {logging_mixin.py:190} INFO - [2026-04-23T16:14:50.854+0000] {dag.py:3211} INFO - Sync 1 DAGs
[2026-04-23T16:14:50.869+0000] {logging_mixin.py:190} INFO - [2026-04-23T16:14:50.868+0000] {dag.py:4138} INFO - Setting next_dagrun for trigger_databricks_job to None, run_after=None
[2026-04-23T16:14:50.891+0000] {processor.py:208} INFO - Processing /opt/airflow/dags/databricks_dag.py took 0.122 seconds
[2026-04-23T16:15:19.267+0000] {processor.py:186} INFO - Started process (PID=196) to work on /opt/airflow/dags/databricks_dag.py
[2026-04-23T16:15:19.271+0000] {processor.py:914} INFO - Processing file /opt/airflow/dags/databricks_dag.py for tasks to queue
[2026-04-23T16:15:19.278+0000] {logging_mixin.py:190} INFO - [2026-04-23T16:15:19.277+0000] {dagbag.py:587} INFO - Filling up the DagBag from /opt/airflow/dags/databricks_dag.py
[2026-04-23T16:15:19.300+0000] {processor.py:925} INFO - DAG(s) 'trigger_databricks_job' retrieved from /opt/airflow/dags/databricks_dag.py
[2026-04-23T16:15:19.397+0000] {logging_mixin.py:190} INFO - [2026-04-23T16:15:19.396+0000] {dag.py:3211} INFO - Sync 1 DAGs
[2026-04-23T16:15:19.408+0000] {logging_mixin.py:190} INFO - [2026-04-23T16:15:19.406+0000] {dag.py:4138} INFO - Setting next_dagrun for trigger_databricks_job to None, run_after=None
[2026-04-23T16:15:19.433+0000] {processor.py:208} INFO - Processing /opt/airflow/dags/databricks_dag.py took 0.170 seconds
[2026-04-23T16:15:30.626+0000] {processor.py:186} INFO - Started process (PID=204) to work on /opt/airflow/dags/databricks_dag.py
[2026-04-23T16:15:30.628+0000] {processor.py:914} INFO - Processing file /opt/airflow/dags/databricks_dag.py for tasks to queue
[2026-04-23T16:15:30.633+0000] {logging_mixin.py:190} INFO - [2026-04-23T16:15:30.631+0000] {dagbag.py:587} INFO - Filling up the DagBag from /opt/airflow/dags/databricks_dag.py
[2026-04-23T16:15:30.785+0000] {processor.py:925} INFO - DAG(s) 'trigger_databricks_job' retrieved from /opt/airflow/dags/databricks_dag.py
[2026-04-23T16:15:30.796+0000] {logging_mixin.py:190} INFO - [2026-04-23T16:15:30.795+0000] {dag.py:3211} INFO - Sync 1 DAGs
[2026-04-23T16:15:30.808+0000] {logging_mixin.py:190} INFO - [2026-04-23T16:15:30.808+0000] {dag.py:4138} INFO - Setting next_dagrun for trigger_databricks_job to None, run_after=None
[2026-04-23T16:15:30.835+0000] {processor.py:208} INFO - Processing /opt/airflow/dags/databricks_dag.py took 0.215 seconds
[2026-04-23T16:16:01.115+0000] {processor.py:186} INFO - Started process (PID=209) to work on /opt/airflow/dags/databricks_dag.py
[2026-04-23T16:16:01.118+0000] {processor.py:914} INFO - Processing file /opt/airflow/dags/databricks_dag.py for tasks to queue
[2026-04-23T16:16:01.146+0000] {logging_mixin.py:190} INFO - [2026-04-23T16:16:01.145+0000] {dagbag.py:587} INFO - Filling up the DagBag from /opt/airflow/dags/databricks_dag.py
[2026-04-23T16:16:01.188+0000] {processor.py:925} INFO - DAG(s) 'trigger_databricks_job' retrieved from /opt/airflow/dags/databricks_dag.py
[2026-04-23T16:16:01.288+0000] {logging_mixin.py:190} INFO - [2026-04-23T16:16:01.288+0000] {dag.py:3211} INFO - Sync 1 DAGs
[2026-04-23T16:16:01.296+0000] {logging_mixin.py:190} INFO - [2026-04-23T16:16:01.296+0000] {dag.py:4138} INFO - Setting next_dagrun for trigger_databricks_job to None, run_after=None
[2026-04-23T16:16:01.322+0000] {processor.py:208} INFO - Processing /opt/airflow/dags/databricks_dag.py took 0.214 seconds
[2026-04-23T16:16:31.726+0000] {processor.py:186} INFO - Started process (PID=217) to work on /opt/airflow/dags/databricks_dag.py
[2026-04-23T16:16:31.727+0000] {processor.py:914} INFO - Processing file /opt/airflow/dags/databricks_dag.py for tasks to queue
[2026-04-23T16:16:31.730+0000] {logging_mixin.py:190} INFO - [2026-04-23T16:16:31.729+0000] {dagbag.py:587} INFO - Filling up the DagBag from /opt/airflow/dags/databricks_dag.py
[2026-04-23T16:16:31.758+0000] {processor.py:925} INFO - DAG(s) 'trigger_databricks_job' retrieved from /opt/airflow/dags/databricks_dag.py
[2026-04-23T16:16:31.783+0000] {logging_mixin.py:190} INFO - [2026-04-23T16:16:31.783+0000] {dag.py:3211} INFO - Sync 1 DAGs
[2026-04-23T16:16:31.800+0000] {logging_mixin.py:190} INFO - [2026-04-23T16:16:31.799+0000] {dag.py:4138} INFO - Setting next_dagrun for trigger_databricks_job to None, run_after=None
[2026-04-23T16:16:31.816+0000] {processor.py:208} INFO - Processing /opt/airflow/dags/databricks_dag.py took 0.099 seconds
[2026-04-23T16:17:02.327+0000] {processor.py:186} INFO - Started process (PID=222) to work on /opt/airflow/dags/databricks_dag.py
[2026-04-23T16:17:02.329+0000] {processor.py:914} INFO - Processing file /opt/airflow/dags/databricks_dag.py for tasks to queue
[2026-04-23T16:17:02.333+0000] {logging_mixin.py:190} INFO - [2026-04-23T16:17:02.333+0000] {dagbag.py:587} INFO - Filling up the DagBag from /opt/airflow/dags/databricks_dag.py
[2026-04-23T16:17:02.356+0000] {processor.py:925} INFO - DAG(s) 'trigger_databricks_job' retrieved from /opt/airflow/dags/databricks_dag.py
[2026-04-23T16:17:02.383+0000] {logging_mixin.py:190} INFO - [2026-04-23T16:17:02.382+0000] {dag.py:3211} INFO - Sync 1 DAGs
[2026-04-23T16:17:02.394+0000] {logging_mixin.py:190} INFO - [2026-04-23T16:17:02.394+0000] {dag.py:4138} INFO - Setting next_dagrun for trigger_databricks_job to None, run_after=None
[2026-04-23T16:17:02.422+0000] {processor.py:208} INFO - Processing /opt/airflow/dags/databricks_dag.py took 0.100 seconds
[2026-04-23T16:18:52.051+0000] {processor.py:186} INFO - Started process (PID=173) to work on /opt/airflow/dags/databricks_dag.py
[2026-04-23T16:18:52.052+0000] {processor.py:914} INFO - Processing file /opt/airflow/dags/databricks_dag.py for tasks to queue
[2026-04-23T16:18:52.054+0000] {logging_mixin.py:190} INFO - [2026-04-23T16:18:52.054+0000] {dagbag.py:587} INFO - Filling up the DagBag from /opt/airflow/dags/databricks_dag.py
[2026-04-23T16:18:52.072+0000] {processor.py:925} INFO - DAG(s) 'trigger_databricks_job' retrieved from /opt/airflow/dags/databricks_dag.py
[2026-04-23T16:18:52.206+0000] {logging_mixin.py:190} INFO - [2026-04-23T16:18:52.206+0000] {override.py:1858} INFO - Created Permission View: can read on DAG:trigger_databricks_job
[2026-04-23T16:18:52.213+0000] {logging_mixin.py:190} INFO - [2026-04-23T16:18:52.213+0000] {override.py:1858} INFO - Created Permission View: can edit on DAG:trigger_databricks_job
[2026-04-23T16:18:52.219+0000] {logging_mixin.py:190} INFO - [2026-04-23T16:18:52.219+0000] {override.py:1858} INFO - Created Permission View: can delete on DAG:trigger_databricks_job
[2026-04-23T16:18:52.220+0000] {logging_mixin.py:190} INFO - [2026-04-23T16:18:52.220+0000] {dag.py:3211} INFO - Sync 1 DAGs
[2026-04-23T16:18:52.229+0000] {logging_mixin.py:190} INFO - [2026-04-23T16:18:52.229+0000] {dag.py:3234} INFO - Creating ORM DAG for trigger_databricks_job
[2026-04-23T16:18:52.230+0000] {logging_mixin.py:190} INFO - [2026-04-23T16:18:52.230+0000] {dag.py:4138} INFO - Setting next_dagrun for trigger_databricks_job to None, run_after=None
[2026-04-23T16:18:52.243+0000] {processor.py:208} INFO - Processing /opt/airflow/dags/databricks_dag.py took 0.197 seconds
[2026-04-23T16:19:22.487+0000] {processor.py:186} INFO - Started process (PID=178) to work on /opt/airflow/dags/databricks_dag.py
[2026-04-23T16:19:22.488+0000] {processor.py:914} INFO - Processing file /opt/airflow/dags/databricks_dag.py for tasks to queue
[2026-04-23T16:19:22.492+0000] {logging_mixin.py:190} INFO - [2026-04-23T16:19:22.491+0000] {dagbag.py:587} INFO - Filling up the DagBag from /opt/airflow/dags/databricks_dag.py
[2026-04-23T16:19:22.517+0000] {processor.py:925} INFO - DAG(s) 'trigger_databricks_job' retrieved from /opt/airflow/dags/databricks_dag.py
[2026-04-23T16:19:22.563+0000] {logging_mixin.py:190} INFO - [2026-04-23T16:19:22.562+0000] {dag.py:3211} INFO - Sync 1 DAGs
[2026-04-23T16:19:22.579+0000] {logging_mixin.py:190} INFO - [2026-04-23T16:19:22.579+0000] {dag.py:4138} INFO - Setting next_dagrun for trigger_databricks_job to None, run_after=None
[2026-04-23T16:19:22.606+0000] {processor.py:208} INFO - Processing /opt/airflow/dags/databricks_dag.py took 0.125 seconds
[2026-04-23T16:19:52.901+0000] {processor.py:186} INFO - Started process (PID=186) to work on /opt/airflow/dags/databricks_dag.py
[2026-04-23T16:19:52.903+0000] {processor.py:914} INFO - Processing file /opt/airflow/dags/databricks_dag.py for tasks to queue
[2026-04-23T16:19:52.910+0000] {logging_mixin.py:190} INFO - [2026-04-23T16:19:52.909+0000] {dagbag.py:587} INFO - Filling up the DagBag from /opt/airflow/dags/databricks_dag.py
[2026-04-23T16:19:52.963+0000] {processor.py:925} INFO - DAG(s) 'trigger_databricks_job' retrieved from /opt/airflow/dags/databricks_dag.py
[2026-04-23T16:19:53.000+0000] {logging_mixin.py:190} INFO - [2026-04-23T16:19:53.000+0000] {dag.py:3211} INFO - Sync 1 DAGs
[2026-04-23T16:19:53.023+0000] {logging_mixin.py:190} INFO - [2026-04-23T16:19:53.022+0000] {dag.py:4138} INFO - Setting next_dagrun for trigger_databricks_job to None, run_after=None
[2026-04-23T16:19:53.070+0000] {processor.py:208} INFO - Processing /opt/airflow/dags/databricks_dag.py took 0.177 seconds
[2026-04-23T16:20:23.587+0000] {processor.py:186} INFO - Started process (PID=191) to work on /opt/airflow/dags/databricks_dag.py
[2026-04-23T16:20:23.588+0000] {processor.py:914} INFO - Processing file /opt/airflow/dags/databricks_dag.py for tasks to queue
[2026-04-23T16:20:23.591+0000] {logging_mixin.py:190} INFO - [2026-04-23T16:20:23.591+0000] {dagbag.py:587} INFO - Filling up the DagBag from /opt/airflow/dags/databricks_dag.py
[2026-04-23T16:20:23.608+0000] {processor.py:925} INFO - DAG(s) 'trigger_databricks_job' retrieved from /opt/airflow/dags/databricks_dag.py
[2026-04-23T16:20:23.640+0000] {logging_mixin.py:190} INFO - [2026-04-23T16:20:23.639+0000] {dag.py:3211} INFO - Sync 1 DAGs
[2026-04-23T16:20:23.651+0000] {logging_mixin.py:190} INFO - [2026-04-23T16:20:23.651+0000] {dag.py:4138} INFO - Setting next_dagrun for trigger_databricks_job to None, run_after=None
[2026-04-23T16:20:23.680+0000] {processor.py:208} INFO - Processing /opt/airflow/dags/databricks_dag.py took 0.097 seconds
[2026-04-23T16:20:54.155+0000] {processor.py:186} INFO - Started process (PID=196) to work on /opt/airflow/dags/databricks_dag.py
[2026-04-23T16:20:54.157+0000] {processor.py:914} INFO - Processing file /opt/airflow/dags/databricks_dag.py for tasks to queue
[2026-04-23T16:20:54.161+0000] {logging_mixin.py:190} INFO - [2026-04-23T16:20:54.160+0000] {dagbag.py:587} INFO - Filling up the DagBag from /opt/airflow/dags/databricks_dag.py
[2026-04-23T16:20:54.238+0000] {processor.py:925} INFO - DAG(s) 'trigger_databricks_job' retrieved from /opt/airflow/dags/databricks_dag.py
[2026-04-23T16:20:54.269+0000] {logging_mixin.py:190} INFO - [2026-04-23T16:20:54.269+0000] {dag.py:3211} INFO - Sync 1 DAGs
[2026-04-23T16:20:54.287+0000] {logging_mixin.py:190} INFO - [2026-04-23T16:20:54.287+0000] {dag.py:4138} INFO - Setting next_dagrun for trigger_databricks_job to None, run_after=None
[2026-04-23T16:20:54.327+0000] {processor.py:208} INFO - Processing /opt/airflow/dags/databricks_dag.py took 0.179 seconds
[2026-04-23T16:21:24.765+0000] {processor.py:186} INFO - Started process (PID=201) to work on /opt/airflow/dags/databricks_dag.py
[2026-04-23T16:21:24.768+0000] {processor.py:914} INFO - Processing file /opt/airflow/dags/databricks_dag.py for tasks to queue
[2026-04-23T16:21:24.772+0000] {logging_mixin.py:190} INFO - [2026-04-23T16:21:24.772+0000] {dagbag.py:587} INFO - Filling up the DagBag from /opt/airflow/dags/databricks_dag.py
[2026-04-23T16:21:24.843+0000] {processor.py:925} INFO - DAG(s) 'trigger_databricks_job' retrieved from /opt/airflow/dags/databricks_dag.py
[2026-04-23T16:21:24.882+0000] {logging_mixin.py:190} INFO - [2026-04-23T16:21:24.882+0000] {dag.py:3211} INFO - Sync 1 DAGs
[2026-04-23T16:21:24.893+0000] {logging_mixin.py:190} INFO - [2026-04-23T16:21:24.893+0000] {dag.py:4138} INFO - Setting next_dagrun for trigger_databricks_job to None, run_after=None
[2026-04-23T16:21:24.915+0000] {processor.py:208} INFO - Processing /opt/airflow/dags/databricks_dag.py took 0.161 seconds
[2026-04-23T16:21:55.462+0000] {processor.py:186} INFO - Started process (PID=206) to work on /opt/airflow/dags/databricks_dag.py
[2026-04-23T16:21:55.464+0000] {processor.py:914} INFO - Processing file /opt/airflow/dags/databricks_dag.py for tasks to queue
[2026-04-23T16:21:55.467+0000] {logging_mixin.py:190} INFO - [2026-04-23T16:21:55.467+0000] {dagbag.py:587} INFO - Filling up the DagBag from /opt/airflow/dags/databricks_dag.py
[2026-04-23T16:21:55.535+0000] {processor.py:925} INFO - DAG(s) 'trigger_databricks_job' retrieved from /opt/airflow/dags/databricks_dag.py
[2026-04-23T16:21:55.568+0000] {logging_mixin.py:190} INFO - [2026-04-23T16:21:55.567+0000] {dag.py:3211} INFO - Sync 1 DAGs
[2026-04-23T16:21:55.588+0000] {logging_mixin.py:190} INFO - [2026-04-23T16:21:55.588+0000] {dag.py:4138} INFO - Setting next_dagrun for trigger_databricks_job to None, run_after=None
[2026-04-23T16:21:55.615+0000] {processor.py:208} INFO - Processing /opt/airflow/dags/databricks_dag.py took 0.158 seconds
[2026-04-23T16:22:25.966+0000] {processor.py:186} INFO - Started process (PID=211) to work on /opt/airflow/dags/databricks_dag.py
[2026-04-23T16:22:25.968+0000] {processor.py:914} INFO - Processing file /opt/airflow/dags/databricks_dag.py for tasks to queue
[2026-04-23T16:22:25.971+0000] {logging_mixin.py:190} INFO - [2026-04-23T16:22:25.971+0000] {dagbag.py:587} INFO - Filling up the DagBag from /opt/airflow/dags/databricks_dag.py
[2026-04-23T16:22:26.026+0000] {processor.py:925} INFO - DAG(s) 'trigger_databricks_job' retrieved from /opt/airflow/dags/databricks_dag.py
[2026-04-23T16:22:26.065+0000] {logging_mixin.py:190} INFO - [2026-04-23T16:22:26.065+0000] {dag.py:3211} INFO - Sync 1 DAGs
[2026-04-23T16:22:26.079+0000] {logging_mixin.py:190} INFO - [2026-04-23T16:22:26.078+0000] {dag.py:4138} INFO - Setting next_dagrun for trigger_databricks_job to None, run_after=None
[2026-04-23T16:22:26.110+0000] {processor.py:208} INFO - Processing /opt/airflow/dags/databricks_dag.py took 0.149 seconds
[2026-04-23T16:22:56.495+0000] {processor.py:186} INFO - Started process (PID=216) to work on /opt/airflow/dags/databricks_dag.py
[2026-04-23T16:22:56.496+0000] {processor.py:914} INFO - Processing file /opt/airflow/dags/databricks_dag.py for tasks to queue
[2026-04-23T16:22:56.498+0000] {logging_mixin.py:190} INFO - [2026-04-23T16:22:56.498+0000] {dagbag.py:587} INFO - Filling up the DagBag from /opt/airflow/dags/databricks_dag.py
[2026-04-23T16:22:56.516+0000] {processor.py:925} INFO - DAG(s) 'trigger_databricks_job' retrieved from /opt/airflow/dags/databricks_dag.py
[2026-04-23T16:22:56.538+0000] {logging_mixin.py:190} INFO - [2026-04-23T16:22:56.538+0000] {dag.py:3211} INFO - Sync 1 DAGs
[2026-04-23T16:22:56.551+0000] {logging_mixin.py:190} INFO - [2026-04-23T16:22:56.551+0000] {dag.py:4138} INFO - Setting next_dagrun for trigger_databricks_job to None, run_after=None
[2026-04-23T16:22:56.566+0000] {processor.py:208} INFO - Processing /opt/airflow/dags/databricks_dag.py took 0.076 seconds
[2026-04-23T16:23:27.054+0000] {processor.py:186} INFO - Started process (PID=221) to work on /opt/airflow/dags/databricks_dag.py
[2026-04-23T16:23:27.056+0000] {processor.py:914} INFO - Processing file /opt/airflow/dags/databricks_dag.py for tasks to queue
[2026-04-23T16:23:27.060+0000] {logging_mixin.py:190} INFO - [2026-04-23T16:23:27.060+0000] {dagbag.py:587} INFO - Filling up the DagBag from /opt/airflow/dags/databricks_dag.py
[2026-04-23T16:23:27.144+0000] {processor.py:925} INFO - DAG(s) 'trigger_databricks_job' retrieved from /opt/airflow/dags/databricks_dag.py
[2026-04-23T16:23:27.190+0000] {logging_mixin.py:190} INFO - [2026-04-23T16:23:27.190+0000] {dag.py:3211} INFO - Sync 1 DAGs
[2026-04-23T16:23:27.202+0000] {logging_mixin.py:190} INFO - [2026-04-23T16:23:27.201+0000] {dag.py:4138} INFO - Setting next_dagrun for trigger_databricks_job to None, run_after=None
[2026-04-23T16:23:27.233+0000] {processor.py:208} INFO - Processing /opt/airflow/dags/databricks_dag.py took 0.186 seconds
[2026-04-23T16:23:57.622+0000] {processor.py:186} INFO - Started process (PID=226) to work on /opt/airflow/dags/databricks_dag.py
[2026-04-23T16:23:57.624+0000] {processor.py:914} INFO - Processing file /opt/airflow/dags/databricks_dag.py for tasks to queue
[2026-04-23T16:23:57.630+0000] {logging_mixin.py:190} INFO - [2026-04-23T16:23:57.630+0000] {dagbag.py:587} INFO - Filling up the DagBag from /opt/airflow/dags/databricks_dag.py
[2026-04-23T16:23:57.708+0000] {processor.py:925} INFO - DAG(s) 'trigger_databricks_job' retrieved from /opt/airflow/dags/databricks_dag.py
[2026-04-23T16:23:57.747+0000] {logging_mixin.py:190} INFO - [2026-04-23T16:23:57.747+0000] {dag.py:3211} INFO - Sync 1 DAGs
[2026-04-23T16:23:57.777+0000] {logging_mixin.py:190} INFO - [2026-04-23T16:23:57.777+0000] {dag.py:4138} INFO - Setting next_dagrun for trigger_databricks_job to None, run_after=None
[2026-04-23T16:23:57.808+0000] {processor.py:208} INFO - Processing /opt/airflow/dags/databricks_dag.py took 0.192 seconds
[2026-04-23T16:24:28.271+0000] {processor.py:186} INFO - Started process (PID=231) to work on /opt/airflow/dags/databricks_dag.py
[2026-04-23T16:24:28.273+0000] {processor.py:914} INFO - Processing file /opt/airflow/dags/databricks_dag.py for tasks to queue
[2026-04-23T16:24:28.278+0000] {logging_mixin.py:190} INFO - [2026-04-23T16:24:28.277+0000] {dagbag.py:587} INFO - Filling up the DagBag from /opt/airflow/dags/databricks_dag.py
[2026-04-23T16:24:28.352+0000] {processor.py:925} INFO - DAG(s) 'trigger_databricks_job' retrieved from /opt/airflow/dags/databricks_dag.py
[2026-04-23T16:24:28.380+0000] {logging_mixin.py:190} INFO - [2026-04-23T16:24:28.379+0000] {dag.py:3211} INFO - Sync 1 DAGs
[2026-04-23T16:24:28.397+0000] {logging_mixin.py:190} INFO - [2026-04-23T16:24:28.397+0000] {dag.py:4138} INFO - Setting next_dagrun for trigger_databricks_job to None, run_after=None
[2026-04-23T16:24:28.424+0000] {processor.py:208} INFO - Processing /opt/airflow/dags/databricks_dag.py took 0.159 seconds
[2026-04-23T16:24:58.850+0000] {processor.py:186} INFO - Started process (PID=236) to work on /opt/airflow/dags/databricks_dag.py
[2026-04-23T16:24:58.852+0000] {processor.py:914} INFO - Processing file /opt/airflow/dags/databricks_dag.py for tasks to queue
[2026-04-23T16:24:58.855+0000] {logging_mixin.py:190} INFO - [2026-04-23T16:24:58.854+0000] {dagbag.py:587} INFO - Filling up the DagBag from /opt/airflow/dags/databricks_dag.py
[2026-04-23T16:24:58.907+0000] {processor.py:925} INFO - DAG(s) 'trigger_databricks_job' retrieved from /opt/airflow/dags/databricks_dag.py
[2026-04-23T16:24:58.964+0000] {logging_mixin.py:190} INFO - [2026-04-23T16:24:58.964+0000] {dag.py:3211} INFO - Sync 1 DAGs
[2026-04-23T16:24:58.983+0000] {logging_mixin.py:190} INFO - [2026-04-23T16:24:58.982+0000] {dag.py:4138} INFO - Setting next_dagrun for trigger_databricks_job to None, run_after=None
[2026-04-23T16:24:59.012+0000] {processor.py:208} INFO - Processing /opt/airflow/dags/databricks_dag.py took 0.168 seconds
[2026-04-23T16:25:29.475+0000] {processor.py:186} INFO - Started process (PID=241) to work on /opt/airflow/dags/databricks_dag.py
[2026-04-23T16:25:29.476+0000] {processor.py:914} INFO - Processing file /opt/airflow/dags/databricks_dag.py for tasks to queue
[2026-04-23T16:25:29.478+0000] {logging_mixin.py:190} INFO - [2026-04-23T16:25:29.478+0000] {dagbag.py:587} INFO - Filling up the DagBag from /opt/airflow/dags/databricks_dag.py
[2026-04-23T16:25:29.522+0000] {processor.py:925} INFO - DAG(s) 'trigger_databricks_job' retrieved from /opt/airflow/dags/databricks_dag.py
[2026-04-23T16:25:29.545+0000] {logging_mixin.py:190} INFO - [2026-04-23T16:25:29.544+0000] {dag.py:3211} INFO - Sync 1 DAGs
[2026-04-23T16:25:29.555+0000] {logging_mixin.py:190} INFO - [2026-04-23T16:25:29.555+0000] {dag.py:4138} INFO - Setting next_dagrun for trigger_databricks_job to None, run_after=None
[2026-04-23T16:25:29.580+0000] {processor.py:208} INFO - Processing /opt/airflow/dags/databricks_dag.py took 0.110 seconds
[2026-04-23T16:26:00.101+0000] {processor.py:186} INFO - Started process (PID=246) to work on /opt/airflow/dags/databricks_dag.py
[2026-04-23T16:26:00.102+0000] {processor.py:914} INFO - Processing file /opt/airflow/dags/databricks_dag.py for tasks to queue
[2026-04-23T16:26:00.105+0000] {logging_mixin.py:190} INFO - [2026-04-23T16:26:00.105+0000] {dagbag.py:587} INFO - Filling up the DagBag from /opt/airflow/dags/databricks_dag.py
[2026-04-23T16:26:00.157+0000] {processor.py:925} INFO - DAG(s) 'trigger_databricks_job' retrieved from /opt/airflow/dags/databricks_dag.py
[2026-04-23T16:26:00.189+0000] {logging_mixin.py:190} INFO - [2026-04-23T16:26:00.189+0000] {dag.py:3211} INFO - Sync 1 DAGs
[2026-04-23T16:26:00.203+0000] {logging_mixin.py:190} INFO - [2026-04-23T16:26:00.203+0000] {dag.py:4138} INFO - Setting next_dagrun for trigger_databricks_job to None, run_after=None
[2026-04-23T16:26:00.252+0000] {processor.py:208} INFO - Processing /opt/airflow/dags/databricks_dag.py took 0.157 seconds
[2026-04-23T16:26:30.747+0000] {processor.py:186} INFO - Started process (PID=251) to work on /opt/airflow/dags/databricks_dag.py
[2026-04-23T16:26:30.749+0000] {processor.py:914} INFO - Processing file /opt/airflow/dags/databricks_dag.py for tasks to queue
[2026-04-23T16:26:30.752+0000] {logging_mixin.py:190} INFO - [2026-04-23T16:26:30.751+0000] {dagbag.py:587} INFO - Filling up the DagBag from /opt/airflow/dags/databricks_dag.py
[2026-04-23T16:26:30.811+0000] {processor.py:925} INFO - DAG(s) 'trigger_databricks_job' retrieved from /opt/airflow/dags/databricks_dag.py
[2026-04-23T16:26:30.848+0000] {logging_mixin.py:190} INFO - [2026-04-23T16:26:30.847+0000] {dag.py:3211} INFO - Sync 1 DAGs
[2026-04-23T16:26:30.866+0000] {logging_mixin.py:190} INFO - [2026-04-23T16:26:30.866+0000] {dag.py:4138} INFO - Setting next_dagrun for trigger_databricks_job to None, run_after=None
[2026-04-23T16:26:30.899+0000] {processor.py:208} INFO - Processing /opt/airflow/dags/databricks_dag.py took 0.159 seconds
[2026-04-23T16:27:01.215+0000] {processor.py:186} INFO - Started process (PID=256) to work on /opt/airflow/dags/databricks_dag.py
[2026-04-23T16:27:01.217+0000] {processor.py:914} INFO - Processing file /opt/airflow/dags/databricks_dag.py for tasks to queue
[2026-04-23T16:27:01.220+0000] {logging_mixin.py:190} INFO - [2026-04-23T16:27:01.220+0000] {dagbag.py:587} INFO - Filling up the DagBag from /opt/airflow/dags/databricks_dag.py
[2026-04-23T16:27:01.289+0000] {processor.py:925} INFO - DAG(s) 'trigger_databricks_job' retrieved from /opt/airflow/dags/databricks_dag.py
[2026-04-23T16:27:01.318+0000] {logging_mixin.py:190} INFO - [2026-04-23T16:27:01.318+0000] {dag.py:3211} INFO - Sync 1 DAGs
[2026-04-23T16:27:01.333+0000] {logging_mixin.py:190} INFO - [2026-04-23T16:27:01.333+0000] {dag.py:4138} INFO - Setting next_dagrun for trigger_databricks_job to None, run_after=None
[2026-04-23T16:27:01.357+0000] {processor.py:208} INFO - Processing /opt/airflow/dags/databricks_dag.py took 0.148 seconds
[2026-04-23T16:27:31.920+0000] {processor.py:186} INFO - Started process (PID=261) to work on /opt/airflow/dags/databricks_dag.py
[2026-04-23T16:27:31.922+0000] {processor.py:914} INFO - Processing file /opt/airflow/dags/databricks_dag.py for tasks to queue
[2026-04-23T16:27:31.924+0000] {logging_mixin.py:190} INFO - [2026-04-23T16:27:31.923+0000] {dagbag.py:587} INFO - Filling up the DagBag from /opt/airflow/dags/databricks_dag.py
[2026-04-23T16:27:31.945+0000] {processor.py:925} INFO - DAG(s) 'trigger_databricks_job' retrieved from /opt/airflow/dags/databricks_dag.py
[2026-04-23T16:27:31.970+0000] {logging_mixin.py:190} INFO - [2026-04-23T16:27:31.969+0000] {dag.py:3211} INFO - Sync 1 DAGs
[2026-04-23T16:27:31.983+0000] {logging_mixin.py:190} INFO - [2026-04-23T16:27:31.983+0000] {dag.py:4138} INFO - Setting next_dagrun for trigger_databricks_job to None, run_after=None
[2026-04-23T16:27:32.011+0000] {processor.py:208} INFO - Processing /opt/airflow/dags/databricks_dag.py took 0.097 seconds
[2026-04-23T16:28:02.349+0000] {processor.py:186} INFO - Started process (PID=266) to work on /opt/airflow/dags/databricks_dag.py
[2026-04-23T16:28:02.350+0000] {processor.py:914} INFO - Processing file /opt/airflow/dags/databricks_dag.py for tasks to queue
[2026-04-23T16:28:02.353+0000] {logging_mixin.py:190} INFO - [2026-04-23T16:28:02.352+0000] {dagbag.py:587} INFO - Filling up the DagBag from /opt/airflow/dags/databricks_dag.py
[2026-04-23T16:28:02.376+0000] {processor.py:925} INFO - DAG(s) 'trigger_databricks_job' retrieved from /opt/airflow/dags/databricks_dag.py
[2026-04-23T16:28:02.403+0000] {logging_mixin.py:190} INFO - [2026-04-23T16:28:02.403+0000] {dag.py:3211} INFO - Sync 1 DAGs
[2026-04-23T16:28:02.414+0000] {logging_mixin.py:190} INFO - [2026-04-23T16:28:02.414+0000] {dag.py:4138} INFO - Setting next_dagrun for trigger_databricks_job to None, run_after=None
[2026-04-23T16:28:02.439+0000] {processor.py:208} INFO - Processing /opt/airflow/dags/databricks_dag.py took 0.094 seconds
[2026-04-23T16:28:32.850+0000] {processor.py:186} INFO - Started process (PID=271) to work on /opt/airflow/dags/databricks_dag.py
[2026-04-23T16:28:32.852+0000] {processor.py:914} INFO - Processing file /opt/airflow/dags/databricks_dag.py for tasks to queue
[2026-04-23T16:28:32.857+0000] {logging_mixin.py:190} INFO - [2026-04-23T16:28:32.857+0000] {dagbag.py:587} INFO - Filling up the DagBag from /opt/airflow/dags/databricks_dag.py
[2026-04-23T16:28:32.907+0000] {processor.py:925} INFO - DAG(s) 'trigger_databricks_job' retrieved from /opt/airflow/dags/databricks_dag.py
[2026-04-23T16:28:32.947+0000] {logging_mixin.py:190} INFO - [2026-04-23T16:28:32.947+0000] {dag.py:3211} INFO - Sync 1 DAGs
[2026-04-23T16:28:32.960+0000] {logging_mixin.py:190} INFO - [2026-04-23T16:28:32.960+0000] {dag.py:4138} INFO - Setting next_dagrun for trigger_databricks_job to None, run_after=None
[2026-04-23T16:28:32.980+0000] {processor.py:208} INFO - Processing /opt/airflow/dags/databricks_dag.py took 0.138 seconds
[2026-04-23T16:29:03.309+0000] {processor.py:186} INFO - Started process (PID=276) to work on /opt/airflow/dags/databricks_dag.py
[2026-04-23T16:29:03.310+0000] {processor.py:914} INFO - Processing file /opt/airflow/dags/databricks_dag.py for tasks to queue
[2026-04-23T16:29:03.313+0000] {logging_mixin.py:190} INFO - [2026-04-23T16:29:03.312+0000] {dagbag.py:587} INFO - Filling up the DagBag from /opt/airflow/dags/databricks_dag.py
[2026-04-23T16:29:03.344+0000] {processor.py:925} INFO - DAG(s) 'trigger_databricks_job' retrieved from /opt/airflow/dags/databricks_dag.py
[2026-04-23T16:29:03.375+0000] {logging_mixin.py:190} INFO - [2026-04-23T16:29:03.375+0000] {dag.py:3211} INFO - Sync 1 DAGs
[2026-04-23T16:29:03.391+0000] {logging_mixin.py:190} INFO - [2026-04-23T16:29:03.391+0000] {dag.py:4138} INFO - Setting next_dagrun for trigger_databricks_job to None, run_after=None
[2026-04-23T16:29:03.410+0000] {processor.py:208} INFO - Processing /opt/airflow/dags/databricks_dag.py took 0.105 seconds
[2026-04-23T16:29:33.620+0000] {processor.py:186} INFO - Started process (PID=281) to work on /opt/airflow/dags/databricks_dag.py
[2026-04-23T16:29:33.621+0000] {processor.py:914} INFO - Processing file /opt/airflow/dags/databricks_dag.py for tasks to queue
[2026-04-23T16:29:33.624+0000] {logging_mixin.py:190} INFO - [2026-04-23T16:29:33.624+0000] {dagbag.py:587} INFO - Filling up the DagBag from /opt/airflow/dags/databricks_dag.py
[2026-04-23T16:29:33.657+0000] {processor.py:925} INFO - DAG(s) 'trigger_databricks_job' retrieved from /opt/airflow/dags/databricks_dag.py
[2026-04-23T16:29:33.697+0000] {logging_mixin.py:190} INFO - [2026-04-23T16:29:33.697+0000] {dag.py:3211} INFO - Sync 1 DAGs
[2026-04-23T16:29:33.712+0000] {logging_mixin.py:190} INFO - [2026-04-23T16:29:33.711+0000] {dag.py:4138} INFO - Setting next_dagrun for trigger_databricks_job to None, run_after=None
[2026-04-23T16:29:33.739+0000] {processor.py:208} INFO - Processing /opt/airflow/dags/databricks_dag.py took 0.127 seconds
[2026-04-23T16:30:04.068+0000] {processor.py:186} INFO - Started process (PID=286) to work on /opt/airflow/dags/databricks_dag.py
[2026-04-23T16:30:04.069+0000] {processor.py:914} INFO - Processing file /opt/airflow/dags/databricks_dag.py for tasks to queue
[2026-04-23T16:30:04.071+0000] {logging_mixin.py:190} INFO - [2026-04-23T16:30:04.071+0000] {dagbag.py:587} INFO - Filling up the DagBag from /opt/airflow/dags/databricks_dag.py
[2026-04-23T16:30:04.094+0000] {processor.py:925} INFO - DAG(s) 'trigger_databricks_job' retrieved from /opt/airflow/dags/databricks_dag.py
[2026-04-23T16:30:04.120+0000] {logging_mixin.py:190} INFO - [2026-04-23T16:30:04.119+0000] {dag.py:3211} INFO - Sync 1 DAGs
[2026-04-23T16:30:04.131+0000] {logging_mixin.py:190} INFO - [2026-04-23T16:30:04.130+0000] {dag.py:4138} INFO - Setting next_dagrun for trigger_databricks_job to None, run_after=None
[2026-04-23T16:30:04.153+0000] {processor.py:208} INFO - Processing /opt/airflow/dags/databricks_dag.py took 0.099 seconds
[2026-04-23T16:30:34.637+0000] {processor.py:186} INFO - Started process (PID=291) to work on /opt/airflow/dags/databricks_dag.py
[2026-04-23T16:30:34.638+0000] {processor.py:914} INFO - Processing file /opt/airflow/dags/databricks_dag.py for tasks to queue
[2026-04-23T16:30:34.641+0000] {logging_mixin.py:190} INFO - [2026-04-23T16:30:34.640+0000] {dagbag.py:587} INFO - Filling up the DagBag from /opt/airflow/dags/databricks_dag.py
[2026-04-23T16:30:34.658+0000] {processor.py:925} INFO - DAG(s) 'trigger_databricks_job' retrieved from /opt/airflow/dags/databricks_dag.py
[2026-04-23T16:30:34.678+0000] {logging_mixin.py:190} INFO - [2026-04-23T16:30:34.677+0000] {dag.py:3211} INFO - Sync 1 DAGs
[2026-04-23T16:30:34.689+0000] {logging_mixin.py:190} INFO - [2026-04-23T16:30:34.688+0000] {dag.py:4138} INFO - Setting next_dagrun for trigger_databricks_job to None, run_after=None
[2026-04-23T16:30:34.713+0000] {processor.py:208} INFO - Processing /opt/airflow/dags/databricks_dag.py took 0.080 seconds
[2026-04-23T16:31:05.103+0000] {processor.py:186} INFO - Started process (PID=296) to work on /opt/airflow/dags/databricks_dag.py
[2026-04-23T16:31:05.105+0000] {processor.py:914} INFO - Processing file /opt/airflow/dags/databricks_dag.py for tasks to queue
[2026-04-23T16:31:05.108+0000] {logging_mixin.py:190} INFO - [2026-04-23T16:31:05.108+0000] {dagbag.py:587} INFO - Filling up the DagBag from /opt/airflow/dags/databricks_dag.py
[2026-04-23T16:31:05.159+0000] {processor.py:925} INFO - DAG(s) 'trigger_databricks_job' retrieved from /opt/airflow/dags/databricks_dag.py
[2026-04-23T16:31:05.193+0000] {logging_mixin.py:190} INFO - [2026-04-23T16:31:05.192+0000] {dag.py:3211} INFO - Sync 1 DAGs
[2026-04-23T16:31:05.207+0000] {logging_mixin.py:190} INFO - [2026-04-23T16:31:05.206+0000] {dag.py:4138} INFO - Setting next_dagrun for trigger_databricks_job to None, run_after=None
[2026-04-23T16:31:05.229+0000] {processor.py:208} INFO - Processing /opt/airflow/dags/databricks_dag.py took 0.133 seconds
[2026-04-23T16:31:35.709+0000] {processor.py:186} INFO - Started process (PID=301) to work on /opt/airflow/dags/databricks_dag.py
[2026-04-23T16:31:35.711+0000] {processor.py:914} INFO - Processing file /opt/airflow/dags/databricks_dag.py for tasks to queue
[2026-04-23T16:31:35.714+0000] {logging_mixin.py:190} INFO - [2026-04-23T16:31:35.714+0000] {dagbag.py:587} INFO - Filling up the DagBag from /opt/airflow/dags/databricks_dag.py
[2026-04-23T16:31:35.771+0000] {processor.py:925} INFO - DAG(s) 'trigger_databricks_job' retrieved from /opt/airflow/dags/databricks_dag.py
[2026-04-23T16:31:35.802+0000] {logging_mixin.py:190} INFO - [2026-04-23T16:31:35.801+0000] {dag.py:3211} INFO - Sync 1 DAGs
[2026-04-23T16:31:35.818+0000] {logging_mixin.py:190} INFO - [2026-04-23T16:31:35.818+0000] {dag.py:4138} INFO - Setting next_dagrun for trigger_databricks_job to None, run_after=None
[2026-04-23T16:31:35.858+0000] {processor.py:208} INFO - Processing /opt/airflow/dags/databricks_dag.py took 0.153 seconds
[2026-04-23T16:32:06.393+0000] {processor.py:186} INFO - Started process (PID=306) to work on /opt/airflow/dags/databricks_dag.py
[2026-04-23T16:32:06.394+0000] {processor.py:914} INFO - Processing file /opt/airflow/dags/databricks_dag.py for tasks to queue
[2026-04-23T16:32:06.397+0000] {logging_mixin.py:190} INFO - [2026-04-23T16:32:06.396+0000] {dagbag.py:587} INFO - Filling up the DagBag from /opt/airflow/dags/databricks_dag.py
[2026-04-23T16:32:06.426+0000] {processor.py:925} INFO - DAG(s) 'trigger_databricks_job' retrieved from /opt/airflow/dags/databricks_dag.py
[2026-04-23T16:32:06.448+0000] {logging_mixin.py:190} INFO - [2026-04-23T16:32:06.447+0000] {dag.py:3211} INFO - Sync 1 DAGs
[2026-04-23T16:32:06.461+0000] {logging_mixin.py:190} INFO - [2026-04-23T16:32:06.461+0000] {dag.py:4138} INFO - Setting next_dagrun for trigger_databricks_job to None, run_after=None
[2026-04-23T16:32:06.482+0000] {processor.py:208} INFO - Processing /opt/airflow/dags/databricks_dag.py took 0.094 seconds
[2026-04-23T16:32:36.912+0000] {processor.py:186} INFO - Started process (PID=311) to work on /opt/airflow/dags/databricks_dag.py
[2026-04-23T16:32:36.914+0000] {processor.py:914} INFO - Processing file /opt/airflow/dags/databricks_dag.py for tasks to queue
[2026-04-23T16:32:36.917+0000] {logging_mixin.py:190} INFO - [2026-04-23T16:32:36.917+0000] {dagbag.py:587} INFO - Filling up the DagBag from /opt/airflow/dags/databricks_dag.py
[2026-04-23T16:32:36.972+0000] {processor.py:925} INFO - DAG(s) 'trigger_databricks_job' retrieved from /opt/airflow/dags/databricks_dag.py
[2026-04-23T16:32:37.005+0000] {logging_mixin.py:190} INFO - [2026-04-23T16:32:37.004+0000] {dag.py:3211} INFO - Sync 1 DAGs
[2026-04-23T16:32:37.023+0000] {logging_mixin.py:190} INFO - [2026-04-23T16:32:37.023+0000] {dag.py:4138} INFO - Setting next_dagrun for trigger_databricks_job to None, run_after=None
[2026-04-23T16:32:37.066+0000] {processor.py:208} INFO - Processing /opt/airflow/dags/databricks_dag.py took 0.162 seconds
[2026-04-23T16:33:07.342+0000] {processor.py:186} INFO - Started process (PID=316) to work on /opt/airflow/dags/databricks_dag.py
[2026-04-23T16:33:07.343+0000] {processor.py:914} INFO - Processing file /opt/airflow/dags/databricks_dag.py for tasks to queue
[2026-04-23T16:33:07.345+0000] {logging_mixin.py:190} INFO - [2026-04-23T16:33:07.345+0000] {dagbag.py:587} INFO - Filling up the DagBag from /opt/airflow/dags/databricks_dag.py
[2026-04-23T16:33:07.368+0000] {processor.py:925} INFO - DAG(s) 'trigger_databricks_job' retrieved from /opt/airflow/dags/databricks_dag.py
[2026-04-23T16:33:07.398+0000] {logging_mixin.py:190} INFO - [2026-04-23T16:33:07.398+0000] {dag.py:3211} INFO - Sync 1 DAGs
[2026-04-23T16:33:07.412+0000] {logging_mixin.py:190} INFO - [2026-04-23T16:33:07.412+0000] {dag.py:4138} INFO - Setting next_dagrun for trigger_databricks_job to None, run_after=None
[2026-04-23T16:33:07.443+0000] {processor.py:208} INFO - Processing /opt/airflow/dags/databricks_dag.py took 0.106 seconds
[2026-04-23T16:33:37.890+0000] {processor.py:186} INFO - Started process (PID=324) to work on /opt/airflow/dags/databricks_dag.py
[2026-04-23T16:33:37.892+0000] {processor.py:914} INFO - Processing file /opt/airflow/dags/databricks_dag.py for tasks to queue
[2026-04-23T16:33:37.897+0000] {logging_mixin.py:190} INFO - [2026-04-23T16:33:37.897+0000] {dagbag.py:587} INFO - Filling up the DagBag from /opt/airflow/dags/databricks_dag.py
[2026-04-23T16:33:37.971+0000] {processor.py:925} INFO - DAG(s) 'trigger_databricks_job' retrieved from /opt/airflow/dags/databricks_dag.py
[2026-04-23T16:33:38.007+0000] {logging_mixin.py:190} INFO - [2026-04-23T16:33:38.007+0000] {dag.py:3211} INFO - Sync 1 DAGs
[2026-04-23T16:33:38.040+0000] {logging_mixin.py:190} INFO - [2026-04-23T16:33:38.039+0000] {dag.py:4138} INFO - Setting next_dagrun for trigger_databricks_job to None, run_after=None
[2026-04-23T16:33:38.063+0000] {processor.py:208} INFO - Processing /opt/airflow/dags/databricks_dag.py took 0.179 seconds
[2026-04-23T16:34:08.456+0000] {processor.py:186} INFO - Started process (PID=329) to work on /opt/airflow/dags/databricks_dag.py
[2026-04-23T16:34:08.458+0000] {processor.py:914} INFO - Processing file /opt/airflow/dags/databricks_dag.py for tasks to queue
[2026-04-23T16:34:08.462+0000] {logging_mixin.py:190} INFO - [2026-04-23T16:34:08.460+0000] {dagbag.py:587} INFO - Filling up the DagBag from /opt/airflow/dags/databricks_dag.py
[2026-04-23T16:34:08.490+0000] {processor.py:925} INFO - DAG(s) 'trigger_databricks_job' retrieved from /opt/airflow/dags/databricks_dag.py
[2026-04-23T16:34:08.525+0000] {logging_mixin.py:190} INFO - [2026-04-23T16:34:08.524+0000] {dag.py:3211} INFO - Sync 1 DAGs
[2026-04-23T16:34:08.538+0000] {logging_mixin.py:190} INFO - [2026-04-23T16:34:08.537+0000] {dag.py:4138} INFO - Setting next_dagrun for trigger_databricks_job to None, run_after=None
[2026-04-23T16:34:08.554+0000] {processor.py:208} INFO - Processing /opt/airflow/dags/databricks_dag.py took 0.104 seconds
[2026-04-23T16:34:39.088+0000] {processor.py:186} INFO - Started process (PID=334) to work on /opt/airflow/dags/databricks_dag.py
[2026-04-23T16:34:39.090+0000] {processor.py:914} INFO - Processing file /opt/airflow/dags/databricks_dag.py for tasks to queue
[2026-04-23T16:34:39.093+0000] {logging_mixin.py:190} INFO - [2026-04-23T16:34:39.093+0000] {dagbag.py:587} INFO - Filling up the DagBag from /opt/airflow/dags/databricks_dag.py
[2026-04-23T16:34:39.147+0000] {processor.py:925} INFO - DAG(s) 'trigger_databricks_job' retrieved from /opt/airflow/dags/databricks_dag.py
[2026-04-23T16:34:39.188+0000] {logging_mixin.py:190} INFO - [2026-04-23T16:34:39.187+0000] {dag.py:3211} INFO - Sync 1 DAGs
[2026-04-23T16:34:39.207+0000] {logging_mixin.py:190} INFO - [2026-04-23T16:34:39.207+0000] {dag.py:4138} INFO - Setting next_dagrun for trigger_databricks_job to None, run_after=None
[2026-04-23T16:34:39.249+0000] {processor.py:208} INFO - Processing /opt/airflow/dags/databricks_dag.py took 0.169 seconds
[2026-04-23T16:35:09.616+0000] {processor.py:186} INFO - Started process (PID=339) to work on /opt/airflow/dags/databricks_dag.py
[2026-04-23T16:35:09.618+0000] {processor.py:914} INFO - Processing file /opt/airflow/dags/databricks_dag.py for tasks to queue
[2026-04-23T16:35:09.623+0000] {logging_mixin.py:190} INFO - [2026-04-23T16:35:09.623+0000] {dagbag.py:587} INFO - Filling up the DagBag from /opt/airflow/dags/databricks_dag.py
[2026-04-23T16:35:09.661+0000] {processor.py:925} INFO - DAG(s) 'trigger_databricks_job' retrieved from /opt/airflow/dags/databricks_dag.py
[2026-04-23T16:35:09.683+0000] {logging_mixin.py:190} INFO - [2026-04-23T16:35:09.683+0000] {dag.py:3211} INFO - Sync 1 DAGs
[2026-04-23T16:35:09.694+0000] {logging_mixin.py:190} INFO - [2026-04-23T16:35:09.694+0000] {dag.py:4138} INFO - Setting next_dagrun for trigger_databricks_job to None, run_after=None
[2026-04-23T16:35:09.715+0000] {processor.py:208} INFO - Processing /opt/airflow/dags/databricks_dag.py took 0.108 seconds
[2026-04-23T16:35:40.199+0000] {processor.py:186} INFO - Started process (PID=344) to work on /opt/airflow/dags/databricks_dag.py
[2026-04-23T16:35:40.199+0000] {processor.py:914} INFO - Processing file /opt/airflow/dags/databricks_dag.py for tasks to queue
[2026-04-23T16:35:40.204+0000] {logging_mixin.py:190} INFO - [2026-04-23T16:35:40.204+0000] {dagbag.py:587} INFO - Filling up the DagBag from /opt/airflow/dags/databricks_dag.py
[2026-04-23T16:35:40.219+0000] {processor.py:925} INFO - DAG(s) 'trigger_databricks_job' retrieved from /opt/airflow/dags/databricks_dag.py
[2026-04-23T16:35:40.242+0000] {logging_mixin.py:190} INFO - [2026-04-23T16:35:40.242+0000] {dag.py:3211} INFO - Sync 1 DAGs
[2026-04-23T16:35:40.253+0000] {logging_mixin.py:190} INFO - [2026-04-23T16:35:40.253+0000] {dag.py:4138} INFO - Setting next_dagrun for trigger_databricks_job to None, run_after=None
[2026-04-23T16:35:40.281+0000] {processor.py:208} INFO - Processing /opt/airflow/dags/databricks_dag.py took 0.099 seconds
[2026-04-23T16:36:10.805+0000] {processor.py:186} INFO - Started process (PID=349) to work on /opt/airflow/dags/databricks_dag.py
[2026-04-23T16:36:10.808+0000] {processor.py:914} INFO - Processing file /opt/airflow/dags/databricks_dag.py for tasks to queue
[2026-04-23T16:36:10.814+0000] {logging_mixin.py:190} INFO - [2026-04-23T16:36:10.813+0000] {dagbag.py:587} INFO - Filling up the DagBag from /opt/airflow/dags/databricks_dag.py
[2026-04-23T16:36:10.869+0000] {processor.py:925} INFO - DAG(s) 'trigger_databricks_job' retrieved from /opt/airflow/dags/databricks_dag.py
[2026-04-23T16:36:10.905+0000] {logging_mixin.py:190} INFO - [2026-04-23T16:36:10.905+0000] {dag.py:3211} INFO - Sync 1 DAGs
[2026-04-23T16:36:10.919+0000] {logging_mixin.py:190} INFO - [2026-04-23T16:36:10.919+0000] {dag.py:4138} INFO - Setting next_dagrun for trigger_databricks_job to None, run_after=None
[2026-04-23T16:36:10.951+0000] {processor.py:208} INFO - Processing /opt/airflow/dags/databricks_dag.py took 0.157 seconds
[2026-04-23T16:36:41.367+0000] {processor.py:186} INFO - Started process (PID=354) to work on /opt/airflow/dags/databricks_dag.py
[2026-04-23T16:36:41.368+0000] {processor.py:914} INFO - Processing file /opt/airflow/dags/databricks_dag.py for tasks to queue
[2026-04-23T16:36:41.373+0000] {logging_mixin.py:190} INFO - [2026-04-23T16:36:41.372+0000] {dagbag.py:587} INFO - Filling up the DagBag from /opt/airflow/dags/databricks_dag.py
[2026-04-23T16:36:41.443+0000] {processor.py:925} INFO - DAG(s) 'trigger_databricks_job' retrieved from /opt/airflow/dags/databricks_dag.py
[2026-04-23T16:36:41.477+0000] {logging_mixin.py:190} INFO - [2026-04-23T16:36:41.477+0000] {dag.py:3211} INFO - Sync 1 DAGs
[2026-04-23T16:36:41.489+0000] {logging_mixin.py:190} INFO - [2026-04-23T16:36:41.489+0000] {dag.py:4138} INFO - Setting next_dagrun for trigger_databricks_job to None, run_after=None
[2026-04-23T16:36:41.526+0000] {processor.py:208} INFO - Processing /opt/airflow/dags/databricks_dag.py took 0.166 seconds
[2026-04-23T16:37:11.926+0000] {processor.py:186} INFO - Started process (PID=359) to work on /opt/airflow/dags/databricks_dag.py
[2026-04-23T16:37:11.927+0000] {processor.py:914} INFO - Processing file /opt/airflow/dags/databricks_dag.py for tasks to queue
[2026-04-23T16:37:11.929+0000] {logging_mixin.py:190} INFO - [2026-04-23T16:37:11.929+0000] {dagbag.py:587} INFO - Filling up the DagBag from /opt/airflow/dags/databricks_dag.py
[2026-04-23T16:37:11.951+0000] {processor.py:925} INFO - DAG(s) 'trigger_databricks_job' retrieved from /opt/airflow/dags/databricks_dag.py
[2026-04-23T16:37:11.976+0000] {logging_mixin.py:190} INFO - [2026-04-23T16:37:11.976+0000] {dag.py:3211} INFO - Sync 1 DAGs
[2026-04-23T16:37:11.989+0000] {logging_mixin.py:190} INFO - [2026-04-23T16:37:11.989+0000] {dag.py:4138} INFO - Setting next_dagrun for trigger_databricks_job to None, run_after=None
[2026-04-23T16:37:12.010+0000] {processor.py:208} INFO - Processing /opt/airflow/dags/databricks_dag.py took 0.089 seconds
